date,close,date_fm
02-01-2013,5993.25,02-01-2013
03-01-2013,6009.5,03-01-2013
04-01-2013,6016.149902,04-01-2013
07-01-2013,5988.399902,07-01-2013
08-01-2013,6001.700195,08-01-2013
09-01-2013,5971.5,09-01-2013
10-01-2013,5968.649902,10-01-2013
11-01-2013,5951.299805,11-01-2013
14-01-2013,6024.049805,14-01-2013
15-01-2013,6056.600098,15-01-2013
16-01-2013,6001.850098,16-01-2013
17-01-2013,6039.200195,17-01-2013
18-01-2013,6064.399902,18-01-2013
21-01-2013,6082.299805,21-01-2013
22-01-2013,6048.5,22-01-2013
23-01-2013,6054.299805,23-01-2013
24-01-2013,6019.350098,24-01-2013
25-01-2013,6074.649902,25-01-2013
28-01-2013,6074.799805,28-01-2013
29-01-2013,6049.899902,29-01-2013
30-01-2013,6055.75,30-01-2013
31-01-2013,6034.75,31-01-2013
01-02-2013,5998.899902,01-02-2013
04-02-2013,5987.25,04-02-2013
05-02-2013,5956.899902,05-02-2013
06-02-2013,5959.200195,06-02-2013
07-02-2013,5938.799805,07-02-2013
08-02-2013,5903.5,08-02-2013
11-02-2013,5897.850098,11-02-2013
12-02-2013,5922.5,12-02-2013
13-02-2013,5932.950195,13-02-2013
14-02-2013,5896.950195,14-02-2013
15-02-2013,5887.399902,15-02-2013
18-02-2013,5898.200195,18-02-2013
19-02-2013,5939.700195,19-02-2013
20-02-2013,5943.049805,20-02-2013
21-02-2013,5852.25,21-02-2013
22-02-2013,5850.299805,22-02-2013
25-02-2013,5854.75,25-02-2013
26-02-2013,5761.350098,26-02-2013
27-02-2013,5796.899902,27-02-2013
28-02-2013,5693.049805,28-02-2013
01-03-2013,5719.700195,01-03-2013
04-03-2013,5698.5,04-03-2013
05-03-2013,5784.25,05-03-2013
06-03-2013,5818.600098,06-03-2013
07-03-2013,5863.299805,07-03-2013
08-03-2013,5945.700195,08-03-2013
11-03-2013,5942.350098,11-03-2013
12-03-2013,5914.100098,12-03-2013
13-03-2013,5851.200195,13-03-2013
14-03-2013,5908.950195,14-03-2013
15-03-2013,5872.600098,15-03-2013
18-03-2013,5835.25,18-03-2013
19-03-2013,5745.950195,19-03-2013
20-03-2013,5694.399902,20-03-2013
21-03-2013,5658.75,21-03-2013
22-03-2013,5651.350098,22-03-2013
25-03-2013,5633.850098,25-03-2013
26-03-2013,5641.600098,26-03-2013
28-03-2013,5682.549805,28-03-2013
01-04-2013,5704.399902,01-04-2013
02-04-2013,5748.100098,02-04-2013
03-04-2013,5672.899902,03-04-2013
04-04-2013,5574.75,04-04-2013
05-04-2013,5553.25,05-04-2013
08-04-2013,5542.950195,08-04-2013
09-04-2013,5495.100098,09-04-2013
10-04-2013,5558.700195,10-04-2013
11-04-2013,5594,11-04-2013
12-04-2013,5528.549805,12-04-2013
15-04-2013,5568.399902,15-04-2013
16-04-2013,5688.950195,16-04-2013
17-04-2013,5688.700195,17-04-2013
18-04-2013,5783.100098,18-04-2013
22-04-2013,5834.399902,22-04-2013
23-04-2013,5836.899902,23-04-2013
25-04-2013,5916.299805,25-04-2013
26-04-2013,5871.450195,26-04-2013
29-04-2013,5904.100098,29-04-2013
30-04-2013,5930.200195,30-04-2013
02-05-2013,5999.350098,02-05-2013
03-05-2013,5944,03-05-2013
06-05-2013,5971.049805,06-05-2013
07-05-2013,6043.549805,07-05-2013
08-05-2013,6069.299805,08-05-2013
09-05-2013,6050.149902,09-05-2013
10-05-2013,6094.75,10-05-2013
13-05-2013,5980.450195,13-05-2013
14-05-2013,5995.399902,14-05-2013
15-05-2013,6146.75,15-05-2013
16-05-2013,6169.899902,16-05-2013
17-05-2013,6187.299805,17-05-2013
20-05-2013,6156.899902,20-05-2013
21-05-2013,6114.100098,21-05-2013
22-05-2013,6094.5,22-05-2013
23-05-2013,5967.049805,23-05-2013
24-05-2013,5983.549805,24-05-2013
27-05-2013,6083.149902,27-05-2013
28-05-2013,6111.25,28-05-2013
29-05-2013,6104.299805,29-05-2013
30-05-2013,6124.049805,30-05-2013
31-05-2013,5985.950195,31-05-2013
03-06-2013,5939.299805,03-06-2013
04-06-2013,5919.450195,04-06-2013
05-06-2013,5923.850098,05-06-2013
06-06-2013,5921.399902,06-06-2013
07-06-2013,5881,07-06-2013
10-06-2013,5878,10-06-2013
11-06-2013,5788.799805,11-06-2013
12-06-2013,5760.200195,12-06-2013
13-06-2013,5699.100098,13-06-2013
14-06-2013,5808.399902,14-06-2013
17-06-2013,5850.049805,17-06-2013
18-06-2013,5813.600098,18-06-2013
19-06-2013,5822.25,19-06-2013
20-06-2013,5655.899902,20-06-2013
21-06-2013,5667.649902,21-06-2013
24-06-2013,5590.25,24-06-2013
25-06-2013,5609.100098,25-06-2013
26-06-2013,5588.700195,26-06-2013
27-06-2013,5682.350098,27-06-2013
28-06-2013,5842.200195,28-06-2013
01-07-2013,5898.850098,01-07-2013
02-07-2013,5857.549805,02-07-2013
03-07-2013,5770.899902,03-07-2013
04-07-2013,5836.950195,04-07-2013
05-07-2013,5867.899902,05-07-2013
08-07-2013,5811.549805,08-07-2013
09-07-2013,5859,09-07-2013
10-07-2013,5816.700195,10-07-2013
11-07-2013,5935.100098,11-07-2013
12-07-2013,6009,12-07-2013
15-07-2013,6030.799805,15-07-2013
16-07-2013,5955.25,16-07-2013
17-07-2013,5973.299805,17-07-2013
18-07-2013,6038.049805,18-07-2013
19-07-2013,6029.200195,19-07-2013
22-07-2013,6031.799805,22-07-2013
23-07-2013,6077.799805,23-07-2013
24-07-2013,5990.5,24-07-2013
25-07-2013,5907.5,25-07-2013
26-07-2013,5886.200195,26-07-2013
29-07-2013,5831.649902,29-07-2013
30-07-2013,5755.049805,30-07-2013
31-07-2013,5742,31-07-2013
01-08-2013,5727.850098,01-08-2013
02-08-2013,5677.899902,02-08-2013
05-08-2013,5685.399902,05-08-2013
06-08-2013,5542.25,06-08-2013
07-08-2013,5519.100098,07-08-2013
08-08-2013,5565.649902,08-08-2013
12-08-2013,5612.399902,12-08-2013
13-08-2013,5699.299805,13-08-2013
14-08-2013,5742.299805,14-08-2013
16-08-2013,5507.850098,16-08-2013
19-08-2013,5414.75,19-08-2013
20-08-2013,5401.450195,20-08-2013
21-08-2013,5302.549805,21-08-2013
22-08-2013,5408.450195,22-08-2013
23-08-2013,5471.75,23-08-2013
26-08-2013,5476.5,26-08-2013
27-08-2013,5287.450195,27-08-2013
28-08-2013,5285,28-08-2013
29-08-2013,5409.049805,29-08-2013
30-08-2013,5471.799805,30-08-2013
02-09-2013,5550.75,02-09-2013
03-09-2013,5341.450195,03-09-2013
04-09-2013,5448.100098,04-09-2013
05-09-2013,5592.950195,05-09-2013
06-09-2013,5680.399902,06-09-2013
10-09-2013,5896.75,10-09-2013
11-09-2013,5913.149902,11-09-2013
12-09-2013,5850.700195,12-09-2013
13-09-2013,5850.600098,13-09-2013
16-09-2013,5840.549805,16-09-2013
17-09-2013,5850.200195,17-09-2013
18-09-2013,5899.450195,18-09-2013
19-09-2013,6115.549805,19-09-2013
20-09-2013,6012.100098,20-09-2013
23-09-2013,5889.75,23-09-2013
24-09-2013,5892.450195,24-09-2013
25-09-2013,5873.850098,25-09-2013
26-09-2013,5882.25,26-09-2013
27-09-2013,5833.200195,27-09-2013
30-09-2013,5735.299805,30-09-2013
01-10-2013,5780.049805,01-10-2013
03-10-2013,5909.700195,03-10-2013
04-10-2013,5907.299805,04-10-2013
07-10-2013,5906.149902,07-10-2013
08-10-2013,5928.399902,08-10-2013
09-10-2013,6007.450195,09-10-2013
10-10-2013,6020.950195,10-10-2013
11-10-2013,6096.200195,11-10-2013
14-10-2013,6112.700195,14-10-2013
15-10-2013,6089.049805,15-10-2013
17-10-2013,6045.850098,17-10-2013
18-10-2013,6189.350098,18-10-2013
21-10-2013,6204.950195,21-10-2013
22-10-2013,6202.799805,22-10-2013
23-10-2013,6178.350098,23-10-2013
24-10-2013,6164.350098,24-10-2013
25-10-2013,6144.899902,25-10-2013
28-10-2013,6101.100098,28-10-2013
29-10-2013,6220.899902,29-10-2013
30-10-2013,6251.700195,30-10-2013
31-10-2013,6299.149902,31-10-2013
01-11-2013,6307.200195,01-11-2013
05-11-2013,6253.149902,05-11-2013
06-11-2013,6215.149902,06-11-2013
07-11-2013,6187.25,07-11-2013
08-11-2013,6140.75,08-11-2013
11-11-2013,6078.799805,11-11-2013
12-11-2013,6018.049805,12-11-2013
13-11-2013,5989.600098,13-11-2013
14-11-2013,6056.149902,14-11-2013
18-11-2013,6189,18-11-2013
19-11-2013,6203.350098,19-11-2013
20-11-2013,6122.899902,20-11-2013
21-11-2013,5999.049805,21-11-2013
22-11-2013,5995.450195,22-11-2013
25-11-2013,6115.350098,25-11-2013
26-11-2013,6059.100098,26-11-2013
27-11-2013,6057.100098,27-11-2013
28-11-2013,6091.850098,28-11-2013
29-11-2013,6176.100098,29-11-2013
02-12-2013,6217.850098,02-12-2013
03-12-2013,6201.850098,03-12-2013
04-12-2013,6160.950195,04-12-2013
05-12-2013,6241.100098,05-12-2013
06-12-2013,6259.899902,06-12-2013
09-12-2013,6363.899902,09-12-2013
10-12-2013,6332.850098,10-12-2013
11-12-2013,6307.899902,11-12-2013
12-12-2013,6237.049805,12-12-2013
13-12-2013,6168.399902,13-12-2013
16-12-2013,6154.700195,16-12-2013
17-12-2013,6139.049805,17-12-2013
18-12-2013,6217.149902,18-12-2013
19-12-2013,6166.649902,19-12-2013
20-12-2013,6274.25,20-12-2013
23-12-2013,6284.5,23-12-2013
24-12-2013,6268.399902,24-12-2013
26-12-2013,6278.899902,26-12-2013
27-12-2013,6313.799805,27-12-2013
30-12-2013,6291.100098,30-12-2013
02-01-2014,6221.149902,02-01-2014
03-01-2014,6211.149902,03-01-2014
06-01-2014,6191.450195,06-01-2014
07-01-2014,6162.25,07-01-2014
08-01-2014,6174.600098,08-01-2014
09-01-2014,6168.350098,09-01-2014
10-01-2014,6171.450195,10-01-2014
13-01-2014,6272.75,13-01-2014
14-01-2014,6241.850098,14-01-2014
15-01-2014,6320.899902,15-01-2014
16-01-2014,6318.899902,16-01-2014
17-01-2014,6261.649902,17-01-2014
20-01-2014,6303.950195,20-01-2014
21-01-2014,6313.799805,21-01-2014
22-01-2014,6338.950195,22-01-2014
23-01-2014,6345.649902,23-01-2014
24-01-2014,6266.75,24-01-2014
27-01-2014,6135.850098,27-01-2014
28-01-2014,6126.25,28-01-2014
29-01-2014,6120.25,29-01-2014
30-01-2014,6073.700195,30-01-2014
31-01-2014,6089.5,31-01-2014
03-02-2014,6001.799805,03-02-2014
04-02-2014,6000.899902,04-02-2014
05-02-2014,6022.399902,05-02-2014
06-02-2014,6036.299805,06-02-2014
07-02-2014,6063.200195,07-02-2014
10-02-2014,6053.450195,10-02-2014
11-02-2014,6062.700195,11-02-2014
12-02-2014,6084,12-02-2014
13-02-2014,6001.100098,13-02-2014
14-02-2014,6048.350098,14-02-2014
17-02-2014,,17-02-2014
18-02-2014,6127.100098,18-02-2014
19-02-2014,6152.75,19-02-2014
20-02-2014,6091.450195,20-02-2014
21-02-2014,6155.450195,21-02-2014
24-02-2014,6186.100098,24-02-2014
25-02-2014,6200.049805,25-02-2014
26-02-2014,6238.799805,26-02-2014
28-02-2014,6276.950195,28-02-2014
03-03-2014,6221.450195,03-03-2014
04-03-2014,6297.950195,04-03-2014
05-03-2014,6328.649902,05-03-2014
06-03-2014,6401.149902,06-03-2014
07-03-2014,6526.649902,07-03-2014
10-03-2014,6537.25,10-03-2014
11-03-2014,6511.899902,11-03-2014
12-03-2014,6516.899902,12-03-2014
13-03-2014,6493.100098,13-03-2014
14-03-2014,6504.200195,14-03-2014
18-03-2014,6516.649902,18-03-2014
19-03-2014,6524.049805,19-03-2014
20-03-2014,6483.100098,20-03-2014
21-03-2014,6493.200195,21-03-2014
22-03-2014,,22-03-2014
24-03-2014,6583.5,24-03-2014
25-03-2014,6589.75,25-03-2014
26-03-2014,6601.399902,26-03-2014
27-03-2014,6641.75,27-03-2014
28-03-2014,6695.899902,28-03-2014
31-03-2014,6704.200195,31-03-2014
01-04-2014,6721.049805,01-04-2014
02-04-2014,6752.549805,02-04-2014
03-04-2014,6736.100098,03-04-2014
04-04-2014,6694.350098,04-04-2014
07-04-2014,6695.049805,07-04-2014
09-04-2014,6796.200195,09-04-2014
10-04-2014,6796.399902,10-04-2014
11-04-2014,6776.299805,11-04-2014
15-04-2014,6733.100098,15-04-2014
16-04-2014,6675.299805,16-04-2014
17-04-2014,6779.399902,17-04-2014
21-04-2014,6817.649902,21-04-2014
22-04-2014,6815.350098,22-04-2014
23-04-2014,6840.799805,23-04-2014
24-04-2014,,24-04-2014
25-04-2014,6782.75,25-04-2014
28-04-2014,6761.25,28-04-2014
29-04-2014,6715.25,29-04-2014
30-04-2014,6696.399902,30-04-2014
02-05-2014,6694.799805,02-05-2014
05-05-2014,6699.350098,05-05-2014
06-05-2014,6715.299805,06-05-2014
07-05-2014,6652.549805,07-05-2014
08-05-2014,6659.850098,08-05-2014
09-05-2014,6858.799805,09-05-2014
12-05-2014,7014.25,12-05-2014
13-05-2014,7108.75,13-05-2014
14-05-2014,7108.75,14-05-2014
15-05-2014,7123.149902,15-05-2014
16-05-2014,7203,16-05-2014
19-05-2014,7263.549805,19-05-2014
20-05-2014,7275.5,20-05-2014
21-05-2014,7252.899902,21-05-2014
22-05-2014,7276.399902,22-05-2014
23-05-2014,7367.100098,23-05-2014
26-05-2014,7359.049805,26-05-2014
27-05-2014,7318,27-05-2014
28-05-2014,7329.649902,28-05-2014
29-05-2014,7235.649902,29-05-2014
30-05-2014,7229.950195,30-05-2014
02-06-2014,7362.5,02-06-2014
03-06-2014,7415.850098,03-06-2014
04-06-2014,7402.25,04-06-2014
05-06-2014,7474.100098,05-06-2014
06-06-2014,7583.399902,06-06-2014
09-06-2014,7654.600098,09-06-2014
10-06-2014,7656.399902,10-06-2014
11-06-2014,7626.850098,11-06-2014
12-06-2014,7649.899902,12-06-2014
13-06-2014,7542.100098,13-06-2014
16-06-2014,7533.549805,16-06-2014
17-06-2014,7631.700195,17-06-2014
18-06-2014,7558.200195,18-06-2014
19-06-2014,7540.700195,19-06-2014
20-06-2014,7511.450195,20-06-2014
23-06-2014,7493.350098,23-06-2014
24-06-2014,7580.200195,24-06-2014
25-06-2014,7569.25,25-06-2014
26-06-2014,7493.200195,26-06-2014
27-06-2014,7508.799805,27-06-2014
30-06-2014,7611.350098,30-06-2014
01-07-2014,7634.700195,01-07-2014
02-07-2014,7725.149902,02-07-2014
03-07-2014,7714.799805,03-07-2014
04-07-2014,7751.600098,04-07-2014
07-07-2014,7787.149902,07-07-2014
08-07-2014,7623.200195,08-07-2014
09-07-2014,7585,09-07-2014
10-07-2014,7567.75,10-07-2014
11-07-2014,7459.600098,11-07-2014
14-07-2014,7454.149902,14-07-2014
15-07-2014,7526.649902,15-07-2014
16-07-2014,7624.399902,16-07-2014
17-07-2014,7640.450195,17-07-2014
18-07-2014,7663.899902,18-07-2014
21-07-2014,7684.200195,21-07-2014
22-07-2014,7767.850098,22-07-2014
23-07-2014,7795.75,23-07-2014
24-07-2014,7830.600098,24-07-2014
25-07-2014,7790.450195,25-07-2014
28-07-2014,7748.700195,28-07-2014
30-07-2014,7791.399902,30-07-2014
31-07-2014,7721.299805,31-07-2014
01-08-2014,7602.600098,01-08-2014
04-08-2014,7683.649902,04-08-2014
05-08-2014,7746.549805,05-08-2014
06-08-2014,7672.049805,06-08-2014
07-08-2014,7649.25,07-08-2014
08-08-2014,7568.549805,08-08-2014
11-08-2014,7625.950195,11-08-2014
12-08-2014,7727.049805,12-08-2014
13-08-2014,7739.549805,13-08-2014
14-08-2014,7791.700195,14-08-2014
18-08-2014,7874.25,18-08-2014
19-08-2014,7897.5,19-08-2014
20-08-2014,7875.299805,20-08-2014
21-08-2014,7891.100098,21-08-2014
22-08-2014,7913.200195,22-08-2014
25-08-2014,7906.299805,25-08-2014
26-08-2014,7904.75,26-08-2014
27-08-2014,7936.049805,27-08-2014
28-08-2014,7954.350098,28-08-2014
01-09-2014,8027.700195,01-09-2014
02-09-2014,8083.049805,02-09-2014
03-09-2014,8114.600098,03-09-2014
04-09-2014,8095.950195,04-09-2014
05-09-2014,8086.850098,05-09-2014
08-09-2014,8173.899902,08-09-2014
09-09-2014,8152.950195,09-09-2014
10-09-2014,8094.100098,10-09-2014
11-09-2014,8085.700195,11-09-2014
12-09-2014,8105.5,12-09-2014
15-09-2014,8042,15-09-2014
16-09-2014,7932.899902,16-09-2014
17-09-2014,7975.5,17-09-2014
18-09-2014,8114.75,18-09-2014
19-09-2014,8121.450195,19-09-2014
22-09-2014,8146.299805,22-09-2014
23-09-2014,8017.549805,23-09-2014
24-09-2014,8002.399902,24-09-2014
25-09-2014,7911.850098,25-09-2014
26-09-2014,7968.850098,26-09-2014
29-09-2014,7958.899902,29-09-2014
30-09-2014,7964.799805,30-09-2014
01-10-2014,7945.549805,01-10-2014
07-10-2014,7852.399902,07-10-2014
08-10-2014,7842.700195,08-10-2014
09-10-2014,7960.549805,09-10-2014
10-10-2014,7859.950195,10-10-2014
13-10-2014,7884.25,13-10-2014
14-10-2014,7864,14-10-2014
15-10-2014,,15-10-2014
16-10-2014,7748.200195,16-10-2014
17-10-2014,7779.700195,17-10-2014
20-10-2014,7879.399902,20-10-2014
21-10-2014,7927.75,21-10-2014
22-10-2014,7995.899902,22-10-2014
27-10-2014,7991.700195,27-10-2014
28-10-2014,8027.600098,28-10-2014
29-10-2014,8090.450195,29-10-2014
30-10-2014,8169.200195,30-10-2014
31-10-2014,8322.200195,31-10-2014
03-11-2014,8324.150391,03-11-2014
05-11-2014,8338.299805,05-11-2014
07-11-2014,8337,07-11-2014
10-11-2014,8344.25,10-11-2014
11-11-2014,8362.650391,11-11-2014
12-11-2014,8383.299805,12-11-2014
13-11-2014,8357.849609,13-11-2014
14-11-2014,8389.900391,14-11-2014
17-11-2014,8430.75,17-11-2014
18-11-2014,8425.900391,18-11-2014
19-11-2014,8382.299805,19-11-2014
20-11-2014,8401.900391,20-11-2014
21-11-2014,8477.349609,21-11-2014
24-11-2014,8530.150391,24-11-2014
25-11-2014,8463.099609,25-11-2014
26-11-2014,8475.75,26-11-2014
27-11-2014,8494.200195,27-11-2014
28-11-2014,8588.25,28-11-2014
01-12-2014,8555.900391,01-12-2014
02-12-2014,8524.700195,02-12-2014
03-12-2014,8537.650391,03-12-2014
04-12-2014,8564.400391,04-12-2014
05-12-2014,8538.299805,05-12-2014
08-12-2014,8438.25,08-12-2014
09-12-2014,8340.700195,09-12-2014
10-12-2014,8355.650391,10-12-2014
11-12-2014,8292.900391,11-12-2014
12-12-2014,8224.099609,12-12-2014
15-12-2014,8219.599609,15-12-2014
16-12-2014,8067.600098,16-12-2014
17-12-2014,8029.799805,17-12-2014
18-12-2014,8159.299805,18-12-2014
19-12-2014,8225.200195,19-12-2014
22-12-2014,8324,22-12-2014
23-12-2014,8267,23-12-2014
24-12-2014,8174.100098,24-12-2014
26-12-2014,8200.700195,26-12-2014
29-12-2014,8246.299805,29-12-2014
30-12-2014,8248.25,30-12-2014
02-01-2015,8395.450195,02-01-2015
05-01-2015,8378.400391,05-01-2015
06-01-2015,8127.350098,06-01-2015
07-01-2015,8102.100098,07-01-2015
08-01-2015,8234.599609,08-01-2015
09-01-2015,8284.5,09-01-2015
12-01-2015,8323,12-01-2015
13-01-2015,8299.400391,13-01-2015
14-01-2015,8277.549805,14-01-2015
15-01-2015,8494.150391,15-01-2015
16-01-2015,8513.799805,16-01-2015
19-01-2015,8550.700195,19-01-2015
20-01-2015,8695.599609,20-01-2015
21-01-2015,8729.5,21-01-2015
22-01-2015,8761.400391,22-01-2015
23-01-2015,8835.599609,23-01-2015
27-01-2015,8910.5,27-01-2015
28-01-2015,8914.299805,28-01-2015
29-01-2015,8952.349609,29-01-2015
30-01-2015,8808.900391,30-01-2015
02-02-2015,8797.400391,02-02-2015
03-02-2015,8756.549805,03-02-2015
04-02-2015,8723.700195,04-02-2015
05-02-2015,8711.700195,05-02-2015
06-02-2015,8661.049805,06-02-2015
09-02-2015,8526.349609,09-02-2015
10-02-2015,8565.549805,10-02-2015
11-02-2015,8627.400391,11-02-2015
12-02-2015,8711.549805,12-02-2015
13-02-2015,8805.5,13-02-2015
16-02-2015,8809.349609,16-02-2015
18-02-2015,8869.099609,18-02-2015
19-02-2015,8895.299805,19-02-2015
20-02-2015,8833.599609,20-02-2015
23-02-2015,8754.950195,23-02-2015
24-02-2015,8762.099609,24-02-2015
25-02-2015,8767.25,25-02-2015
26-02-2015,8683.849609,26-02-2015
27-02-2015,8844.599609,27-02-2015
28-02-2015,,28-02-2015
02-03-2015,8956.75,02-03-2015
03-03-2015,8996.25,03-03-2015
04-03-2015,8922.650391,04-03-2015
05-03-2015,8937.75,05-03-2015
09-03-2015,8756.75,09-03-2015
10-03-2015,8712.049805,10-03-2015
11-03-2015,8699.950195,11-03-2015
12-03-2015,8776,12-03-2015
13-03-2015,8647.75,13-03-2015
16-03-2015,8633.150391,16-03-2015
17-03-2015,8723.299805,17-03-2015
18-03-2015,8685.900391,18-03-2015
19-03-2015,8634.650391,19-03-2015
20-03-2015,8570.900391,20-03-2015
23-03-2015,8550.900391,23-03-2015
24-03-2015,8542.950195,24-03-2015
25-03-2015,8530.799805,25-03-2015
26-03-2015,8342.150391,26-03-2015
27-03-2015,8341.400391,27-03-2015
30-03-2015,8492.299805,30-03-2015
31-03-2015,8491,31-03-2015
01-04-2015,8586.25,01-04-2015
06-04-2015,8659.900391,06-04-2015
07-04-2015,8660.299805,07-04-2015
08-04-2015,8714.400391,08-04-2015
09-04-2015,8778.299805,09-04-2015
10-04-2015,8780.349609,10-04-2015
13-04-2015,8834,13-04-2015
15-04-2015,,15-04-2015
16-04-2015,8706.700195,16-04-2015
17-04-2015,8606,17-04-2015
20-04-2015,8448.099609,20-04-2015
21-04-2015,8377.75,21-04-2015
22-04-2015,8429.700195,22-04-2015
23-04-2015,8398.299805,23-04-2015
24-04-2015,8305.25,24-04-2015
27-04-2015,8213.799805,27-04-2015
28-04-2015,8285.599609,28-04-2015
29-04-2015,8239.75,29-04-2015
30-04-2015,8181.5,30-04-2015
04-05-2015,8331.950195,04-05-2015
05-05-2015,8324.799805,05-05-2015
06-05-2015,8097,06-05-2015
07-05-2015,8057.299805,07-05-2015
08-05-2015,8191.5,08-05-2015
11-05-2015,8325.25,11-05-2015
12-05-2015,8126.950195,12-05-2015
13-05-2015,8235.450195,13-05-2015
14-05-2015,8224.200195,14-05-2015
15-05-2015,8262.349609,15-05-2015
18-05-2015,8373.650391,18-05-2015
19-05-2015,8365.650391,19-05-2015
20-05-2015,8423.25,20-05-2015
21-05-2015,8421,21-05-2015
22-05-2015,8458.950195,22-05-2015
25-05-2015,8370.25,25-05-2015
26-05-2015,8339.349609,26-05-2015
27-05-2015,8334.599609,27-05-2015
28-05-2015,8319,28-05-2015
29-05-2015,8433.650391,29-05-2015
01-06-2015,8433.400391,01-06-2015
02-06-2015,8236.450195,02-06-2015
03-06-2015,8135.100098,03-06-2015
04-06-2015,8130.649902,04-06-2015
05-06-2015,8114.700195,05-06-2015
08-06-2015,8044.149902,08-06-2015
09-06-2015,8022.399902,09-06-2015
10-06-2015,8124.450195,10-06-2015
11-06-2015,7965.350098,11-06-2015
12-06-2015,7982.899902,12-06-2015
15-06-2015,8013.899902,15-06-2015
16-06-2015,8047.299805,16-06-2015
17-06-2015,8091.549805,17-06-2015
18-06-2015,8174.600098,18-06-2015
19-06-2015,8224.950195,19-06-2015
22-06-2015,8353.099609,22-06-2015
23-06-2015,8381.549805,23-06-2015
24-06-2015,8360.849609,24-06-2015
25-06-2015,8398,25-06-2015
26-06-2015,8381.099609,26-06-2015
29-06-2015,8318.400391,29-06-2015
30-06-2015,8368.5,30-06-2015
01-07-2015,8453.049805,01-07-2015
02-07-2015,8444.900391,02-07-2015
03-07-2015,8484.900391,03-07-2015
06-07-2015,8522.150391,06-07-2015
07-07-2015,8510.799805,07-07-2015
08-07-2015,8363.049805,08-07-2015
09-07-2015,8328.549805,09-07-2015
10-07-2015,8360.549805,10-07-2015
13-07-2015,8459.650391,13-07-2015
14-07-2015,8454.099609,14-07-2015
15-07-2015,8523.799805,15-07-2015
16-07-2015,8608.049805,16-07-2015
17-07-2015,8609.849609,17-07-2015
20-07-2015,8603.450195,20-07-2015
21-07-2015,8529.450195,21-07-2015
22-07-2015,8633.5,22-07-2015
23-07-2015,8589.799805,23-07-2015
24-07-2015,8521.549805,24-07-2015
27-07-2015,8361,27-07-2015
28-07-2015,8337,28-07-2015
29-07-2015,8375.049805,29-07-2015
30-07-2015,8421.799805,30-07-2015
31-07-2015,8532.849609,31-07-2015
03-08-2015,8543.049805,03-08-2015
04-08-2015,8516.900391,04-08-2015
05-08-2015,8567.950195,05-08-2015
06-08-2015,8588.650391,06-08-2015
07-08-2015,8564.599609,07-08-2015
10-08-2015,8525.599609,10-08-2015
11-08-2015,8462.349609,11-08-2015
12-08-2015,8349.450195,12-08-2015
13-08-2015,8355.849609,13-08-2015
14-08-2015,8518.549805,14-08-2015
17-08-2015,8477.299805,17-08-2015
18-08-2015,8466.549805,18-08-2015
19-08-2015,8495.150391,19-08-2015
20-08-2015,8372.75,20-08-2015
21-08-2015,8299.950195,21-08-2015
24-08-2015,7809,24-08-2015
25-08-2015,7880.700195,25-08-2015
26-08-2015,7791.850098,26-08-2015
27-08-2015,7948.950195,27-08-2015
28-08-2015,8001.950195,28-08-2015
31-08-2015,7971.299805,31-08-2015
01-09-2015,7785.850098,01-09-2015
02-09-2015,7717,02-09-2015
03-09-2015,7823,03-09-2015
04-09-2015,7655.049805,04-09-2015
07-09-2015,7558.799805,07-09-2015
08-09-2015,7688.25,08-09-2015
09-09-2015,7818.600098,09-09-2015
10-09-2015,7788.100098,10-09-2015
11-09-2015,7789.299805,11-09-2015
14-09-2015,7872.25,14-09-2015
15-09-2015,7829.100098,15-09-2015
16-09-2015,7899.149902,16-09-2015
18-09-2015,7981.899902,18-09-2015
21-09-2015,7977.100098,21-09-2015
22-09-2015,7812,22-09-2015
23-09-2015,7845.950195,23-09-2015
24-09-2015,7868.5,24-09-2015
28-09-2015,7795.700195,28-09-2015
29-09-2015,7843.299805,29-09-2015
30-09-2015,7948.899902,30-09-2015
01-10-2015,7950.899902,01-10-2015
05-10-2015,8119.299805,05-10-2015
06-10-2015,8152.899902,06-10-2015
07-10-2015,8177.399902,07-10-2015
08-10-2015,8129.350098,08-10-2015
09-10-2015,8189.700195,09-10-2015
12-10-2015,8143.600098,12-10-2015
13-10-2015,8131.700195,13-10-2015
14-10-2015,8107.899902,14-10-2015
15-10-2015,8179.5,15-10-2015
16-10-2015,8238.150391,16-10-2015
19-10-2015,8275.049805,19-10-2015
20-10-2015,8261.650391,20-10-2015
21-10-2015,8251.700195,21-10-2015
23-10-2015,8295.450195,23-10-2015
26-10-2015,8260.549805,26-10-2015
27-10-2015,8232.900391,27-10-2015
28-10-2015,8171.200195,28-10-2015
29-10-2015,8111.75,29-10-2015
30-10-2015,8065.799805,30-10-2015
02-11-2015,8050.799805,02-11-2015
03-11-2015,8060.700195,03-11-2015
04-11-2015,8040.200195,04-11-2015
05-11-2015,7955.450195,05-11-2015
06-11-2015,7954.299805,06-11-2015
09-11-2015,7915.200195,09-11-2015
10-11-2015,7783.350098,10-11-2015
13-11-2015,7762.25,13-11-2015
16-11-2015,7806.600098,16-11-2015
17-11-2015,7837.549805,17-11-2015
18-11-2015,7731.799805,18-11-2015
19-11-2015,7842.75,19-11-2015
20-11-2015,7856.549805,20-11-2015
23-11-2015,7849.25,23-11-2015
24-11-2015,7831.600098,24-11-2015
26-11-2015,7883.799805,26-11-2015
27-11-2015,7942.700195,27-11-2015
30-11-2015,7935.25,30-11-2015
01-12-2015,7954.899902,01-12-2015
02-12-2015,7931.350098,02-12-2015
03-12-2015,7864.149902,03-12-2015
04-12-2015,7781.899902,04-12-2015
07-12-2015,7765.399902,07-12-2015
08-12-2015,7701.700195,08-12-2015
09-12-2015,7612.5,09-12-2015
10-12-2015,7683.299805,10-12-2015
11-12-2015,7610.450195,11-12-2015
14-12-2015,7650.049805,14-12-2015
15-12-2015,7700.899902,15-12-2015
16-12-2015,7750.899902,16-12-2015
17-12-2015,7844.350098,17-12-2015
18-12-2015,7761.950195,18-12-2015
21-12-2015,7834.450195,21-12-2015
22-12-2015,7786.100098,22-12-2015
23-12-2015,7865.950195,23-12-2015
24-12-2015,7861.049805,24-12-2015
28-12-2015,7925.149902,28-12-2015
29-12-2015,7928.950195,29-12-2015
30-12-2015,7896.25,30-12-2015
01-Jan-16,7963.2,01-01-2016
04-Jan-16,7791.3,04-01-2016
05-Jan-16,7784.65,05-01-2016
06-Jan-16,7741,06-01-2016
07-Jan-16,7568.3,07-01-2016
08-Jan-16,7601.35,08-01-2016
11-Jan-16,7563.85,11-01-2016
12-Jan-16,7510.3,12-01-2016
13-Jan-16,7562.4,13-01-2016
14-Jan-16,7536.8,14-01-2016
15-Jan-16,7437.8,15-01-2016
18-Jan-16,7351,18-01-2016
19-Jan-16,7435.1,19-01-2016
20-Jan-16,7309.3,20-01-2016
21-Jan-16,7276.8,21-01-2016
22-Jan-16,7422.45,22-01-2016
25-Jan-16,7436.15,25-01-2016
27-Jan-16,7437.75,27-01-2016
28-Jan-16,7424.65,28-01-2016
29-Jan-16,7563.55,29-01-2016
01-Feb-16,7555.95,01-02-2016
02-Feb-16,7455.55,02-02-2016
03-Feb-16,7361.8,03-02-2016
04-Feb-16,7404,04-02-2016
05-Feb-16,7489.1,05-02-2016
08-Feb-16,7387.25,08-02-2016
09-Feb-16,7298.2,09-02-2016
10-Feb-16,7215.7,10-02-2016
11-Feb-16,6976.35,11-02-2016
12-Feb-16,6980.95,12-02-2016
15-Feb-16,7162.95,15-02-2016
16-Feb-16,7048.25,16-02-2016
17-Feb-16,7108.45,17-02-2016
18-Feb-16,7191.75,18-02-2016
19-Feb-16,7210.75,19-02-2016
22-Feb-16,7234.55,22-02-2016
23-Feb-16,7109.55,23-02-2016
24-Feb-16,7018.7,24-02-2016
25-Feb-16,6970.6,25-02-2016
26-Feb-16,7029.75,26-02-2016
29-Feb-16,6987.05,29-02-2016
01-Mar-16,7222.3,01-03-2016
02-Mar-16,7368.85,02-03-2016
03-Mar-16,7475.6,03-03-2016
04-Mar-16,7485.35,04-03-2016
08-Mar-16,7485.3,08-03-2016
09-Mar-16,7531.8,09-03-2016
10-Mar-16,7486.15,10-03-2016
11-Mar-16,7510.2,11-03-2016
14-Mar-16,7538.75,14-03-2016
15-Mar-16,7460.6,15-03-2016
16-Mar-16,7498.75,16-03-2016
17-Mar-16,7512.55,17-03-2016
18-Mar-16,7604.35,18-03-2016
21-Mar-16,7704.25,21-03-2016
22-Mar-16,7714.9,22-03-2016
23-Mar-16,7716.5,23-03-2016
28-Mar-16,7615.1,28-03-2016
29-Mar-16,7597,29-03-2016
30-Mar-16,7735.2,30-03-2016
31-Mar-16,7738.4,31-03-2016
01-Apr-16,7713.05,01-04-2016
04-Apr-16,7758.8,04-04-2016
05-Apr-16,7603.2,05-04-2016
06-Apr-16,7614.35,06-04-2016
07-Apr-16,7546.45,07-04-2016
08-Apr-16,7555.2,08-04-2016
11-Apr-16,7671.4,11-04-2016
12-Apr-16,7708.95,12-04-2016
13-Apr-16,7850.45,13-04-2016
18-Apr-16,7914.7,18-04-2016
20-Apr-16,7914.75,20-04-2016
21-Apr-16,7912.05,21-04-2016
22-Apr-16,7899.3,22-04-2016
25-Apr-16,7855.05,25-04-2016
26-Apr-16,7962.65,26-04-2016
27-Apr-16,7979.9,27-04-2016
28-Apr-16,7847.25,28-04-2016
29-Apr-16,7849.8,29-04-2016
02-May-16,7805.9,02-05-2016
03-May-16,7747,03-05-2016
04-May-16,7706.55,04-05-2016
05-May-16,7735.5,05-05-2016
06-May-16,7733.45,06-05-2016
09-May-16,7866.05,09-05-2016
10-May-16,7887.8,10-05-2016
11-May-16,7848.85,11-05-2016
12-May-16,7900.4,12-05-2016
13-May-16,7814.9,13-05-2016
16-May-16,7860.75,16-05-2016
17-May-16,7890.75,17-05-2016
18-May-16,7870.15,18-05-2016
19-May-16,7783.4,19-05-2016
20-May-16,7749.7,20-05-2016
23-May-16,7731.05,23-05-2016
24-May-16,7748.85,24-05-2016
25-May-16,7934.9,25-05-2016
26-May-16,8069.65,26-05-2016
27-May-16,8156.65,27-05-2016
30-May-16,8178.5,30-05-2016
31-May-16,8160.1,31-05-2016
01-Jun-16,8179.95,01-06-2016
02-Jun-16,8218.95,02-06-2016
03-Jun-16,8220.8,03-06-2016
06-Jun-16,8201.05,06-06-2016
07-Jun-16,8266.45,07-06-2016
08-Jun-16,8273.05,08-06-2016
09-Jun-16,8203.6,09-06-2016
10-Jun-16,8170.05,10-06-2016
13-Jun-16,8110.6,13-06-2016
14-Jun-16,8108.85,14-06-2016
15-Jun-16,8206.6,15-06-2016
16-Jun-16,8140.75,16-06-2016
17-Jun-16,8170.2,17-06-2016
20-Jun-16,8238.5,20-06-2016
21-Jun-16,8219.9,21-06-2016
22-Jun-16,8203.7,22-06-2016
23-Jun-16,8270.45,23-06-2016
24-Jun-16,8088.6,24-06-2016
27-Jun-16,8094.7,27-06-2016
28-Jun-16,8127.85,28-06-2016
29-Jun-16,8204,29-06-2016
30-Jun-16,8287.75,30-06-2016
01-Jul-16,8328.35,01-07-2016
04-Jul-16,8370.7,04-07-2016
05-Jul-16,8335.95,05-07-2016
07-Jul-16,8337.9,07-07-2016
08-Jul-16,8323.2,08-07-2016
11-Jul-16,8467.9,11-07-2016
12-Jul-16,8521.05,12-07-2016
13-Jul-16,8519.5,13-07-2016
14-Jul-16,8565,14-07-2016
15-Jul-16,8541.4,15-07-2016
18-Jul-16,8508.7,18-07-2016
19-Jul-16,8528.55,19-07-2016
20-Jul-16,8565.85,20-07-2016
21-Jul-16,8510.1,21-07-2016
22-Jul-16,8541.2,22-07-2016
25-Jul-16,8635.65,25-07-2016
26-Jul-16,8590.65,26-07-2016
27-Jul-16,8615.8,27-07-2016
28-Jul-16,8666.3,28-07-2016
29-Jul-16,8638.5,29-07-2016
01-Aug-16,8636.55,01-08-2016
02-Aug-16,8622.9,02-08-2016
03-Aug-16,8544.85,03-08-2016
04-Aug-16,8551.1,04-08-2016
05-Aug-16,8683.15,05-08-2016
08-Aug-16,8711.35,08-08-2016
09-Aug-16,8678.25,09-08-2016
10-Aug-16,8575.3,10-08-2016
11-Aug-16,8592.15,11-08-2016
12-Aug-16,8672.15,12-08-2016
16-Aug-16,8642.55,16-08-2016
17-Aug-16,8624.05,17-08-2016
18-Aug-16,8673.25,18-08-2016
19-Aug-16,8666.9,19-08-2016
22-Aug-16,8629.15,22-08-2016
23-Aug-16,8632.6,23-08-2016
24-Aug-16,8650.3,24-08-2016
25-Aug-16,8592.2,25-08-2016
26-Aug-16,8572.55,26-08-2016
29-Aug-16,8607.45,29-08-2016
30-Aug-16,8744.35,30-08-2016
31-Aug-16,8786.2,31-08-2016
01-Sep-16,8774.65,01-09-2016
02-Sep-16,8809.65,02-09-2016
06-Sep-16,8943,06-09-2016
07-Sep-16,8917.95,07-09-2016
08-Sep-16,8952.5,08-09-2016
09-Sep-16,8866.7,09-09-2016
12-Sep-16,8715.6,12-09-2016
14-Sep-16,8726.6,14-09-2016
15-Sep-16,8742.55,15-09-2016
16-Sep-16,8779.85,16-09-2016
19-Sep-16,8808.4,19-09-2016
20-Sep-16,8775.9,20-09-2016
21-Sep-16,8777.15,21-09-2016
22-Sep-16,8867.45,22-09-2016
23-Sep-16,8831.55,23-09-2016
26-Sep-16,8723.05,26-09-2016
27-Sep-16,8706.4,27-09-2016
28-Sep-16,8745.15,28-09-2016
29-Sep-16,8591.25,29-09-2016
30-Sep-16,8611.15,30-09-2016
03-Oct-16,8738.1,03-10-2016
04-Oct-16,8769.15,04-10-2016
05-Oct-16,8743.95,05-10-2016
06-Oct-16,8709.55,06-10-2016
07-Oct-16,8697.6,07-10-2016
10-Oct-16,8708.8,10-10-2016
13-Oct-16,8573.35,13-10-2016
14-Oct-16,8583.4,14-10-2016
17-Oct-16,8520.4,17-10-2016
18-Oct-16,8677.9,18-10-2016
19-Oct-16,8659.1,19-10-2016
20-Oct-16,8699.4,20-10-2016
21-Oct-16,8693.05,21-10-2016
24-Oct-16,8708.95,24-10-2016
25-Oct-16,8691.3,25-10-2016
26-Oct-16,8615.25,26-10-2016
27-Oct-16,8615.25,27-10-2016
28-Oct-16,8638,28-10-2016
30-Oct-16,8625.7,30-10-2016
01-Nov-16,8626.25,01-11-2016
02-Nov-16,8514,02-11-2016
03-Nov-16,8484.95,03-11-2016
04-Nov-16,8433.75,04-11-2016
07-Nov-16,8497.05,07-11-2016
08-Nov-16,8543.55,08-11-2016
09-Nov-16,8432,09-11-2016
10-Nov-16,8525.75,10-11-2016
11-Nov-16,8296.3,11-11-2016
15-Nov-16,8108.45,15-11-2016
16-Nov-16,8111.6,16-11-2016
17-Nov-16,8079.95,17-11-2016
18-Nov-16,8074.1,18-11-2016
21-Nov-16,7929.1,21-11-2016
22-Nov-16,8002.3,22-11-2016
23-Nov-16,8033.3,23-11-2016
24-Nov-16,7965.5,24-11-2016
25-Nov-16,8114.3,25-11-2016
28-Nov-16,8126.9,28-11-2016
29-Nov-16,8142.15,29-11-2016
30-Nov-16,8224.5,30-11-2016
01-Dec-16,8192.9,01-12-2016
02-Dec-16,8086.8,02-12-2016
05-Dec-16,8128.75,05-12-2016
06-Dec-16,8143.15,06-12-2016
07-Dec-16,8102.05,07-12-2016
08-Dec-16,8246.85,08-12-2016
09-Dec-16,8261.75,09-12-2016
12-Dec-16,8170.8,12-12-2016
13-Dec-16,8221.8,13-12-2016
14-Dec-16,8182.45,14-12-2016
15-Dec-16,8153.6,15-12-2016
16-Dec-16,8139.45,16-12-2016
19-Dec-16,8104.35,19-12-2016
20-Dec-16,8082.4,20-12-2016
21-Dec-16,8061.3,21-12-2016
22-Dec-16,7979.1,22-12-2016
23-Dec-16,7985.75,23-12-2016
26-Dec-16,7908.25,26-12-2016
27-Dec-16,8032.85,27-12-2016
28-Dec-16,8034.85,28-12-2016
29-Dec-16,8103.6,29-12-2016
30-Dec-16,8185.8,30-12-2016
02-Jan-17,8179.5,02-01-2017
03-Jan-17,8192.25,03-01-2017
04-Jan-17,8190.5,04-01-2017
05-Jan-17,8273.8,05-01-2017
06-Jan-17,8243.8,06-01-2017
09-Jan-17,8236.05,09-01-2017
10-Jan-17,8288.6,10-01-2017
11-Jan-17,8380.65,11-01-2017
12-Jan-17,8407.2,12-01-2017
13-Jan-17,8400.35,13-01-2017
16-Jan-17,8412.8,16-01-2017
17-Jan-17,8398,17-01-2017
18-Jan-17,8417,18-01-2017
19-Jan-17,8435.1,19-01-2017
20-Jan-17,8349.35,20-01-2017
23-Jan-17,8391.5,23-01-2017
24-Jan-17,8475.8,24-01-2017
25-Jan-17,8602.75,25-01-2017
27-Jan-17,8641.25,27-01-2017
30-Jan-17,8632.75,30-01-2017
31-Jan-17,8561.3,31-01-2017
01-Feb-17,8716.4,01-02-2017
02-Feb-17,8734.25,02-02-2017
03-Feb-17,8740.95,03-02-2017
06-Feb-17,8801.05,06-02-2017
07-Feb-17,8768.3,07-02-2017
08-Feb-17,8769.05,08-02-2017
09-Feb-17,8778.4,09-02-2017
10-Feb-17,8793.55,10-02-2017
13-Feb-17,8805.05,13-02-2017
14-Feb-17,8792.3,14-02-2017
15-Feb-17,8724.7,15-02-2017
16-Feb-17,8778,16-02-2017
17-Feb-17,8821.7,17-02-2017
20-Feb-17,8879.2,20-02-2017
21-Feb-17,8907.85,21-02-2017
22-Feb-17,8926.9,22-02-2017
23-Feb-17,8939.5,23-02-2017
27-Feb-17,8896.7,27-02-2017
28-Feb-17,8879.6,28-02-2017
01-Mar-17,8945.8,01-03-2017
02-Mar-17,8899.75,02-03-2017
03-Mar-17,8897.55,03-03-2017
06-Mar-17,8963.45,06-03-2017
07-Mar-17,8946.9,07-03-2017
08-Mar-17,8924.3,08-03-2017
09-Mar-17,8927,09-03-2017
10-Mar-17,8934.55,10-03-2017
14-Mar-17,9087,14-03-2017
15-Mar-17,9084.8,15-03-2017
16-Mar-17,9153.7,16-03-2017
17-Mar-17,9160.05,17-03-2017
20-Mar-17,9126.85,20-03-2017
21-Mar-17,9121.5,21-03-2017
22-Mar-17,9030.45,22-03-2017
23-Mar-17,9086.3,23-03-2017
24-Mar-17,9108,24-03-2017
27-Mar-17,9045.2,27-03-2017
28-Mar-17,9100.8,28-03-2017
29-Mar-17,9143.8,29-03-2017
30-Mar-17,9173.75,30-03-2017
31-Mar-17,9173.75,31-03-2017
03-Apr-17,9237.85,03-04-2017
05-Apr-17,9265.15,05-04-2017
06-Apr-17,9261.95,06-04-2017
07-Apr-17,9198.3,07-04-2017
10-Apr-17,9181.45,10-04-2017
11-Apr-17,9237,11-04-2017
12-Apr-17,9203.45,12-04-2017
13-Apr-17,9150.8,13-04-2017
17-Apr-17,9139.3,17-04-2017
18-Apr-17,9105.15,18-04-2017
19-Apr-17,9103.5,19-04-2017
20-Apr-17,9136.4,20-04-2017
21-Apr-17,9119.4,21-04-2017
24-Apr-17,9217.95,24-04-2017
25-Apr-17,9306.6,25-04-2017
26-Apr-17,9351.85,26-04-2017
27-Apr-17,9342.15,27-04-2017
28-Apr-17,9304.05,28-04-2017
02-May-17,9313.8,02-05-2017
03-May-17,9311.95,03-05-2017
04-May-17,9359.9,04-05-2017
05-May-17,9285.3,05-05-2017
08-May-17,9314.05,08-05-2017
09-May-17,9316.85,09-05-2017
10-May-17,9407.3,10-05-2017
11-May-17,9422.4,11-05-2017
12-May-17,9400.9,12-05-2017
15-May-17,9445.4,15-05-2017
16-May-17,9512.25,16-05-2017
17-May-17,9525.75,17-05-2017
18-May-17,9429.45,18-05-2017
19-May-17,9427.9,19-05-2017
22-May-17,9438.25,22-05-2017
23-May-17,9386.15,23-05-2017
24-May-17,9360.55,24-05-2017
25-May-17,9509.75,25-05-2017
26-May-17,9595.1,26-05-2017
29-May-17,9604.9,29-05-2017
30-May-17,9624.55,30-05-2017
31-May-17,9621.25,31-05-2017
01-Jun-17,9616.1,01-06-2017
02-Jun-17,9653.5,02-06-2017
05-Jun-17,9675.1,05-06-2017
06-Jun-17,9637.15,06-06-2017
07-Jun-17,9663.9,07-06-2017
08-Jun-17,9647.25,08-06-2017
09-Jun-17,9668.25,09-06-2017
12-Jun-17,9616.4,12-06-2017
13-Jun-17,9606.9,13-06-2017
14-Jun-17,9618.15,14-06-2017
15-Jun-17,9578.05,15-06-2017
16-Jun-17,9588.05,16-06-2017
19-Jun-17,9657.55,19-06-2017
20-Jun-17,9653.5,20-06-2017
21-Jun-17,9633.6,21-06-2017
22-Jun-17,9630,22-06-2017
23-Jun-17,9574.95,23-06-2017
27-Jun-17,9511.4,27-06-2017
28-Jun-17,9491.25,28-06-2017
29-Jun-17,9504.1,29-06-2017
30-Jun-17,9520.9,30-06-2017
03-Jul-17,9615,03-07-2017
04-Jul-17,9613.3,04-07-2017
05-Jul-17,9637.6,05-07-2017
06-Jul-17,9674.55,06-07-2017
07-Jul-17,9665.8,07-07-2017
10-Jul-17,9771.05,10-07-2017
11-Jul-17,9786.05,11-07-2017
12-Jul-17,9816.1,12-07-2017
13-Jul-17,9891.7,13-07-2017
14-Jul-17,9886.35,14-07-2017
17-Jul-17,9915.95,17-07-2017
18-Jul-17,9827.15,18-07-2017
19-Jul-17,9899.6,19-07-2017
20-Jul-17,9873.3,20-07-2017
21-Jul-17,9915.25,21-07-2017
24-Jul-17,9966.4,24-07-2017
25-Jul-17,9964.55,25-07-2017
26-Jul-17,10020.65,26-07-2017
27-Jul-17,10020.55,27-07-2017
28-Jul-17,10014.5,28-07-2017
31-Jul-17,10077.1,31-07-2017
01-Aug-17,10114.65,01-08-2017
02-Aug-17,10081.5,02-08-2017
03-Aug-17,10013.65,03-08-2017
04-Aug-17,10066.4,04-08-2017
07-Aug-17,10057.4,07-08-2017
08-Aug-17,9978.55,08-08-2017
09-Aug-17,9908.05,09-08-2017
10-Aug-17,9820.25,10-08-2017
11-Aug-17,9710.8,11-08-2017
14-Aug-17,9794.15,14-08-2017
16-Aug-17,9897.3,16-08-2017
17-Aug-17,9904.15,17-08-2017
18-Aug-17,9837.4,18-08-2017
21-Aug-17,9754.35,21-08-2017
22-Aug-17,9765.55,22-08-2017
23-Aug-17,9852.5,23-08-2017
24-Aug-17,9857.05,24-08-2017
28-Aug-17,9912.8,28-08-2017
29-Aug-17,9796.05,29-08-2017
30-Aug-17,9884.4,30-08-2017
31-Aug-17,9917.9,31-08-2017
01-Sep-17,9974.4,01-09-2017
04-Sep-17,9912.85,04-09-2017
05-Sep-17,9952.2,05-09-2017
06-Sep-17,9916.2,06-09-2017
07-Sep-17,9929.9,07-09-2017
08-Sep-17,9934.8,08-09-2017
11-Sep-17,10006.05,11-09-2017
12-Sep-17,10093.05,12-09-2017
13-Sep-17,10079.3,13-09-2017
14-Sep-17,10086.6,14-09-2017
15-Sep-17,10085.4,15-09-2017
18-Sep-17,10153.1,18-09-2017
19-Sep-17,10147.55,19-09-2017
20-Sep-17,10141.15,20-09-2017
21-Sep-17,10121.9,21-09-2017
22-Sep-17,9964.4,22-09-2017
25-Sep-17,9872.6,25-09-2017
26-Sep-17,9871.5,26-09-2017
27-Sep-17,9735.75,27-09-2017
28-Sep-17,9768.95,28-09-2017
29-Sep-17,9788.6,29-09-2017
03-Oct-17,9859.5,03-10-2017
04-Oct-17,9914.9,04-10-2017
05-Oct-17,9888.7,05-10-2017
06-Oct-17,9979.7,06-10-2017
09-Oct-17,9988.75,09-10-2017
10-Oct-17,10016.95,10-10-2017
11-Oct-17,9984.8,11-10-2017
12-Oct-17,10096.4,12-10-2017
13-Oct-17,10167.45,13-10-2017
16-Oct-17,10230.85,16-10-2017
17-Oct-17,10234.45,17-10-2017
18-Oct-17,10210.85,18-10-2017
19-Oct-17,10146.55,19-10-2017
23-Oct-17,10184.85,23-10-2017
24-Oct-17,10207.7,24-10-2017
25-Oct-17,10295.35,25-10-2017
26-Oct-17,10343.8,26-10-2017
27-Oct-17,10323.05,27-10-2017
30-Oct-17,10363.65,30-10-2017
31-Oct-17,10335.3,31-10-2017
01-Nov-17,10440.5,01-11-2017
02-Nov-17,10423.8,02-11-2017
03-Nov-17,10452.5,03-11-2017
06-Nov-17,10451.8,06-11-2017
07-Nov-17,10350.15,07-11-2017
08-Nov-17,10303.15,08-11-2017
09-Nov-17,10308.95,09-11-2017
10-Nov-17,10321.75,10-11-2017
13-Nov-17,10224.95,13-11-2017
14-Nov-17,10186.6,14-11-2017
15-Nov-17,10118.05,15-11-2017
16-Nov-17,10214.75,16-11-2017
17-Nov-17,10283.6,17-11-2017
20-Nov-17,10298.75,20-11-2017
21-Nov-17,10326.9,21-11-2017
22-Nov-17,10342.3,22-11-2017
23-Nov-17,10348.75,23-11-2017
24-Nov-17,10389.7,24-11-2017
27-Nov-17,10399.55,27-11-2017
28-Nov-17,10370.25,28-11-2017
29-Nov-17,10361.3,29-11-2017
30-Nov-17,10226.55,30-11-2017
01-Dec-17,10121.8,01-12-2017
04-Dec-17,10127.75,04-12-2017
05-Dec-17,10118.25,05-12-2017
06-Dec-17,10044.1,06-12-2017
07-Dec-17,10166.7,07-12-2017
08-Dec-17,10265.65,08-12-2017
11-Dec-17,10322.25,11-12-2017
12-Dec-17,10240.15,12-12-2017
13-Dec-17,10192.95,13-12-2017
14-Dec-17,10252.1,14-12-2017
15-Dec-17,10333.25,15-12-2017
18-Dec-17,10388.75,18-12-2017
19-Dec-17,10463.2,19-12-2017
20-Dec-17,10444.2,20-12-2017
21-Dec-17,10440.3,21-12-2017
22-Dec-17,10493,22-12-2017
26-Dec-17,10531.5,26-12-2017
27-Dec-17,10490.75,27-12-2017
28-Dec-17,10477.9,28-12-2017
29-Dec-17,10530.7,29-12-2017
01-Jan-18,10435.55,01-01-2018
02-Jan-18,10442.2,02-01-2018
03-Jan-18,10443.2,03-01-2018
04-Jan-18,10504.8,04-01-2018
05-Jan-18,10558.85,05-01-2018
08-Jan-18,10623.6,08-01-2018
09-Jan-18,10637,09-01-2018
10-Jan-18,10632.2,10-01-2018
11-Jan-18,10651.2,11-01-2018
12-Jan-18,10681.25,12-01-2018
15-Jan-18,10741.55,15-01-2018
16-Jan-18,10700.45,16-01-2018
17-Jan-18,10788.55,17-01-2018
18-Jan-18,10817,18-01-2018
19-Jan-18,10894.7,19-01-2018
22-Jan-18,10966.2,22-01-2018
23-Jan-18,11083.7,23-01-2018
24-Jan-18,11086,24-01-2018
25-Jan-18,11069.65,25-01-2018
29-Jan-18,11130.4,29-01-2018
30-Jan-18,11049.65,30-01-2018
31-Jan-18,11027.7,31-01-2018
01-Feb-18,11016.9,01-02-2018
02-Feb-18,10760.6,02-02-2018
05-Feb-18,10666.55,05-02-2018
06-Feb-18,10498.25,06-02-2018
07-Feb-18,10476.7,07-02-2018
08-Feb-18,10576.85,08-02-2018
09-Feb-18,10454.95,09-02-2018
12-Feb-18,10539.75,12-02-2018
14-Feb-18,10500.9,14-02-2018
15-Feb-18,10545.5,15-02-2018
16-Feb-18,10452.3,16-02-2018
19-Feb-18,10378.4,19-02-2018
20-Feb-18,10360.4,20-02-2018
21-Feb-18,10397.45,21-02-2018
22-Feb-18,10382.7,22-02-2018
23-Feb-18,10491.05,23-02-2018
26-Feb-18,10582.6,26-02-2018
27-Feb-18,10554.3,27-02-2018
28-Feb-18,10492.85,28-02-2018
01-Mar-18,10458.35,01-03-2018
05-Mar-18,10358.85,05-03-2018
06-Mar-18,10249.25,06-03-2018
07-Mar-18,10154.2,07-03-2018
08-Mar-18,10242.65,08-03-2018
09-Mar-18,10226.85,09-03-2018
12-Mar-18,10421.4,12-03-2018
13-Mar-18,10426.85,13-03-2018
14-Mar-18,10410.9,14-03-2018
15-Mar-18,10360.15,15-03-2018
16-Mar-18,10195.15,16-03-2018
19-Mar-18,10094.25,19-03-2018
20-Mar-18,10124.35,20-03-2018
21-Mar-18,10155.25,21-03-2018
22-Mar-18,10114.75,22-03-2018
23-Mar-18,9998.05,23-03-2018
26-Mar-18,10130.65,26-03-2018
27-Mar-18,10184.15,27-03-2018
28-Mar-18,10113.7,28-03-2018
02-Apr-18,10211.8,02-04-2018
03-Apr-18,10245,03-04-2018
04-Apr-18,10128.4,04-04-2018
05-Apr-18,10325.15,05-04-2018
06-Apr-18,10331.6,06-04-2018
09-Apr-18,10379.35,09-04-2018
10-Apr-18,10402.25,10-04-2018
11-Apr-18,10417.15,11-04-2018
12-Apr-18,10458.65,12-04-2018
13-Apr-18,10480.6,13-04-2018
16-Apr-18,10528.35,16-04-2018
17-Apr-18,10548.7,17-04-2018
18-Apr-18,10526.2,18-04-2018
19-Apr-18,10565.3,19-04-2018
20-Apr-18,10564.05,20-04-2018
23-Apr-18,10584.7,23-04-2018
24-Apr-18,10614.35,24-04-2018
25-Apr-18,10570.55,25-04-2018
26-Apr-18,10617.8,26-04-2018
27-Apr-18,10692.3,27-04-2018
30-Apr-18,10739.35,30-04-2018
02-May-18,10718.05,02-05-2018
03-May-18,10679.65,03-05-2018
04-May-18,10618.25,04-05-2018
07-May-18,10715.5,07-05-2018
08-May-18,10717.8,08-05-2018
09-May-18,10741.7,09-05-2018
10-May-18,10716.55,10-05-2018
11-May-18,10806.5,11-05-2018
14-May-18,10806.6,14-05-2018
15-May-18,10801.85,15-05-2018
16-May-18,10741.1,16-05-2018
17-May-18,10682.7,17-05-2018
18-May-18,10596.4,18-05-2018
21-May-18,10516.7,21-05-2018
22-May-18,10536.7,22-05-2018
23-May-18,10430.35,23-05-2018
24-May-18,10513.85,24-05-2018
25-May-18,10605.15,25-05-2018
28-May-18,10688.65,28-05-2018
29-May-18,10633.3,29-05-2018
30-May-18,10614.35,30-05-2018
31-May-18,10736.15,31-05-2018
01-Jun-18,10696.2,01-06-2018
04-Jun-18,10628.5,04-06-2018
05-Jun-18,10593.15,05-06-2018
06-Jun-18,10684.65,06-06-2018
07-Jun-18,10768.35,07-06-2018
08-Jun-18,10767.65,08-06-2018
11-Jun-18,10786.95,11-06-2018
12-Jun-18,10842.85,12-06-2018
13-Jun-18,10856.7,13-06-2018
14-Jun-18,10808.05,14-06-2018
15-Jun-18,10817.7,15-06-2018
18-Jun-18,10799.85,18-06-2018
19-Jun-18,10710.45,19-06-2018
20-Jun-18,10772.05,20-06-2018
21-Jun-18,10741.1,21-06-2018
22-Jun-18,10821.85,22-06-2018
25-Jun-18,10762.45,25-06-2018
26-Jun-18,10769.15,26-06-2018
27-Jun-18,10671.4,27-06-2018
28-Jun-18,10589.1,28-06-2018
29-Jun-18,10714.3,29-06-2018
02-Jul-18,10657.3,02-07-2018
03-Jul-18,10699.9,03-07-2018
04-Jul-18,10769.9,04-07-2018
05-Jul-18,10749.75,05-07-2018
06-Jul-18,10772.65,06-07-2018
09-Jul-18,10852.9,09-07-2018
10-Jul-18,10947.25,10-07-2018
11-Jul-18,10948.3,11-07-2018
12-Jul-18,11023.2,12-07-2018
13-Jul-18,11018.9,13-07-2018
16-Jul-18,10936.85,16-07-2018
17-Jul-18,11008.05,17-07-2018
18-Jul-18,10980.45,18-07-2018
19-Jul-18,10957.1,19-07-2018
20-Jul-18,11010.2,20-07-2018
23-Jul-18,11084.75,23-07-2018
24-Jul-18,11134.3,24-07-2018
25-Jul-18,11132,25-07-2018
26-Jul-18,11167.3,26-07-2018
27-Jul-18,11278.35,27-07-2018
30-Jul-18,11319.55,30-07-2018
31-Jul-18,11356.5,31-07-2018
01-Aug-18,11346.2,01-08-2018
02-Aug-18,11244.7,02-08-2018
03-Aug-18,11360.8,03-08-2018
06-Aug-18,11387.1,06-08-2018
07-Aug-18,11389.45,07-08-2018
08-Aug-18,11450,08-08-2018
09-Aug-18,11470.7,09-08-2018
10-Aug-18,11429.5,10-08-2018
13-Aug-18,11355.75,13-08-2018
14-Aug-18,11435.1,14-08-2018
16-Aug-18,11385.05,16-08-2018
17-Aug-18,11470.75,17-08-2018
20-Aug-18,11551.75,20-08-2018
21-Aug-18,11570.9,21-08-2018
23-Aug-18,11582.75,23-08-2018
24-Aug-18,11557.1,24-08-2018
27-Aug-18,11691.95,27-08-2018
28-Aug-18,11738.5,28-08-2018
29-Aug-18,11691.9,29-08-2018
30-Aug-18,11676.8,30-08-2018
31-Aug-18,11680.5,31-08-2018
03-Sep-18,11582.35,03-09-2018
04-Sep-18,11520.3,04-09-2018
05-Sep-18,11476.95,05-09-2018
06-Sep-18,11536.9,06-09-2018
07-Sep-18,11589.1,07-09-2018
10-Sep-18,11438.1,10-09-2018
11-Sep-18,11287.5,11-09-2018
12-Sep-18,11369.9,12-09-2018
14-Sep-18,11515.2,14-09-2018
17-Sep-18,11377.75,17-09-2018
18-Sep-18,11278.9,18-09-2018
19-Sep-18,11234.35,19-09-2018
21-Sep-18,11143.1,21-09-2018
24-Sep-18,10967.4,24-09-2018
25-Sep-18,11067.45,25-09-2018
26-Sep-18,11053.8,26-09-2018
27-Sep-18,10977.55,27-09-2018
28-Sep-18,10930.45,28-09-2018
01-Oct-18,11008.3,01-10-2018
03-Oct-18,10858.25,03-10-2018
04-Oct-18,10599.25,04-10-2018
05-Oct-18,10316.45,05-10-2018
08-Oct-18,10348.05,08-10-2018
09-Oct-18,10301.05,09-10-2018
10-Oct-18,10460.1,10-10-2018
11-Oct-18,10234.65,11-10-2018
12-Oct-18,10472.5,12-10-2018
15-Oct-18,10512.5,15-10-2018
16-Oct-18,10584.75,16-10-2018
17-Oct-18,10453.05,17-10-2018
19-Oct-18,10303.55,19-10-2018
22-Oct-18,10245.25,22-10-2018
23-Oct-18,10146.8,23-10-2018
24-Oct-18,10224.75,24-10-2018
25-Oct-18,10124.9,25-10-2018
26-Oct-18,10030,26-10-2018
29-Oct-18,10250.85,29-10-2018
30-Oct-18,10198.4,30-10-2018
31-Oct-18,10386.6,31-10-2018
01-Nov-18,10380.45,01-11-2018
02-Nov-18,10553,02-11-2018
05-Nov-18,10524,05-11-2018
06-Nov-18,10530,06-11-2018
07-Nov-18,10598.4,07-11-2018
09-Nov-18,10585.2,09-11-2018
12-Nov-18,10482.2,12-11-2018
13-Nov-18,10582.5,13-11-2018
14-Nov-18,10576.3,14-11-2018
15-Nov-18,10616.7,15-11-2018
16-Nov-18,10682.2,16-11-2018
19-Nov-18,10763.4,19-11-2018
20-Nov-18,10656.2,20-11-2018
21-Nov-18,10600.05,21-11-2018
22-Nov-18,10526.75,22-11-2018
26-Nov-18,10628.6,26-11-2018
27-Nov-18,10685.6,27-11-2018
28-Nov-18,10728.85,28-11-2018
29-Nov-18,10858.7,29-11-2018
30-Nov-18,10876.75,30-11-2018
03-Dec-18,10883.75,03-12-2018
04-Dec-18,10869.5,04-12-2018
05-Dec-18,10782.9,05-12-2018
06-Dec-18,10601.15,06-12-2018
07-Dec-18,10693.7,07-12-2018
10-Dec-18,10488.45,10-12-2018
11-Dec-18,10549.15,11-12-2018
12-Dec-18,10737.6,12-12-2018
13-Dec-18,10791.55,13-12-2018
14-Dec-18,10805.45,14-12-2018
17-Dec-18,10888.35,17-12-2018
18-Dec-18,10908.7,18-12-2018
19-Dec-18,10967.3,19-12-2018
20-Dec-18,10951.7,20-12-2018
21-Dec-18,10754,21-12-2018
24-Dec-18,10663.5,24-12-2018
26-Dec-18,10729.85,26-12-2018
27-Dec-18,10779.8,27-12-2018
28-Dec-18,10859.9,28-12-2018
31-Dec-18,10862.55,31-12-2018
01-Jan-19,10910.1,01-01-2019
02-Jan-19,10792.5,02-01-2019
03-Jan-19,10672.25,03-01-2019
04-Jan-19,10727.35,04-01-2019
07-Jan-19,10771.8,07-01-2019
08-Jan-19,10802.15,08-01-2019
09-Jan-19,10855.15,09-01-2019
10-Jan-19,10821.6,10-01-2019
11-Jan-19,10794.95,11-01-2019
14-Jan-19,10737.6,14-01-2019
15-Jan-19,10886.8,15-01-2019
16-Jan-19,10890.3,16-01-2019
17-Jan-19,10905.2,17-01-2019
18-Jan-19,10906.95,18-01-2019
21-Jan-19,10961.85,21-01-2019
22-Jan-19,10922.75,22-01-2019
23-Jan-19,10831.5,23-01-2019
24-Jan-19,10849.8,24-01-2019
25-Jan-19,10780.55,25-01-2019
28-Jan-19,10661.55,28-01-2019
29-Jan-19,10652.2,29-01-2019
30-Jan-19,10651.8,30-01-2019
31-Jan-19,10830.95,31-01-2019
01-Feb-19,10893.65,01-02-2019
04-Feb-19,10912.25,04-02-2019
05-Feb-19,10934.35,05-02-2019
06-Feb-19,11062.45,06-02-2019
07-Feb-19,11069.4,07-02-2019
08-Feb-19,10943.6,08-02-2019
11-Feb-19,10888.8,11-02-2019
12-Feb-19,10831.4,12-02-2019
13-Feb-19,10793.65,13-02-2019
14-Feb-19,10746.05,14-02-2019
15-Feb-19,10724.4,15-02-2019
18-Feb-19,10640.95,18-02-2019
19-Feb-19,10604.35,19-02-2019
20-Feb-19,10735.45,20-02-2019
21-Feb-19,10789.85,21-02-2019
22-Feb-19,10791.65,22-02-2019
25-Feb-19,10880.1,25-02-2019
26-Feb-19,10835.3,26-02-2019
27-Feb-19,10806.65,27-02-2019
28-Feb-19,10792.5,28-02-2019
01-Mar-19,10863.5,01-03-2019
05-Mar-19,10987.45,05-03-2019
06-Mar-19,11053,06-03-2019
07-Mar-19,11058.2,07-03-2019
08-Mar-19,11035.4,08-03-2019
11-Mar-19,11168.05,11-03-2019
12-Mar-19,11301.2,12-03-2019
13-Mar-19,11341.7,13-03-2019
14-Mar-19,11343.25,14-03-2019
15-Mar-19,11426.85,15-03-2019
18-Mar-19,11462.2,18-03-2019
19-Mar-19,11532.4,19-03-2019
20-Mar-19,11521.05,20-03-2019
22-Mar-19,11456.9,22-03-2019
25-Mar-19,11354.25,25-03-2019
26-Mar-19,11483.25,26-03-2019
27-Mar-19,11445.05,27-03-2019
28-Mar-19,11570,28-03-2019
29-Mar-19,11623.9,29-03-2019
01-Apr-19,11669.15,01-04-2019
02-Apr-19,11713.2,02-04-2019
03-Apr-19,11643.95,03-04-2019
04-Apr-19,11598,04-04-2019
05-Apr-19,11665.95,05-04-2019
08-Apr-19,11604.5,08-04-2019
09-Apr-19,11671.95,09-04-2019
10-Apr-19,11584.3,10-04-2019
11-Apr-19,11596.7,11-04-2019
12-Apr-19,11643.45,12-04-2019
15-Apr-19,11690.35,15-04-2019
16-Apr-19,11787.15,16-04-2019
18-Apr-19,11752.8,18-04-2019
22-Apr-19,11594.45,22-04-2019
23-Apr-19,11575.95,23-04-2019
24-Apr-19,11726.15,24-04-2019
25-Apr-19,11641.8,25-04-2019
26-Apr-19,11754.65,26-04-2019
30-Apr-19,11748.15,30-04-2019
02-May-19,11724.75,02-05-2019
03-May-19,11712.25,03-05-2019
06-May-19,11598.25,06-05-2019
07-May-19,11497.9,07-05-2019
08-May-19,11359.45,08-05-2019
09-May-19,11301.8,09-05-2019
10-May-19,11278.9,10-05-2019
13-May-19,11148.2,13-05-2019
14-May-19,11222.05,14-05-2019
15-May-19,11157,15-05-2019
16-May-19,11257.1,16-05-2019
17-May-19,11407.15,17-05-2019
20-May-19,11828.25,20-05-2019
21-May-19,11709.1,21-05-2019
22-May-19,11737.9,22-05-2019
23-May-19,11657.05,23-05-2019
24-May-19,11844.1,24-05-2019
27-May-19,11924.75,27-05-2019
28-May-19,11928.75,28-05-2019
29-May-19,11861.1,29-05-2019
30-May-19,11945.9,30-05-2019
31-May-19,11922.8,31-05-2019
03-Jun-19,12088.55,03-06-2019
04-Jun-19,12021.65,04-06-2019
06-Jun-19,11843.75,06-06-2019
07-Jun-19,11870.65,07-06-2019
10-Jun-19,11922.7,10-06-2019
11-Jun-19,11965.6,11-06-2019
12-Jun-19,11906.2,12-06-2019
13-Jun-19,11914.05,13-06-2019
14-Jun-19,11823.3,14-06-2019
17-Jun-19,11672.15,17-06-2019
18-Jun-19,11691.5,18-06-2019
19-Jun-19,11691.45,19-06-2019
20-Jun-19,11831.75,20-06-2019
21-Jun-19,11724.1,21-06-2019
24-Jun-19,11699.65,24-06-2019
25-Jun-19,11796.45,25-06-2019
26-Jun-19,11847.55,26-06-2019
27-Jun-19,11841.55,27-06-2019
28-Jun-19,11788.85,28-06-2019
01-Jul-19,11865.6,01-07-2019
02-Jul-19,11910.3,02-07-2019
03-Jul-19,11916.75,03-07-2019
04-Jul-19,11946.75,04-07-2019
05-Jul-19,11811.15,05-07-2019
08-Jul-19,11558.6,08-07-2019
09-Jul-19,11555.9,09-07-2019
10-Jul-19,11498.9,10-07-2019
11-Jul-19,11582.9,11-07-2019
12-Jul-19,11552.5,12-07-2019
15-Jul-19,11588.35,15-07-2019
16-Jul-19,11662.6,16-07-2019
17-Jul-19,11687.5,17-07-2019
18-Jul-19,11596.9,18-07-2019
19-Jul-19,11419.25,19-07-2019
22-Jul-19,11346.2,22-07-2019
23-Jul-19,11331.05,23-07-2019
24-Jul-19,11271.3,24-07-2019
25-Jul-19,11252.15,25-07-2019
26-Jul-19,11284.3,26-07-2019
29-Jul-19,11189.2,29-07-2019
30-Jul-19,11085.4,30-07-2019
31-Jul-19,11118,31-07-2019
01-Aug-19,10980,01-08-2019
02-Aug-19,10997.35,02-08-2019
05-Aug-19,10862.6,05-08-2019
06-Aug-19,10948.25,06-08-2019
07-Aug-19,10855.5,07-08-2019
08-Aug-19,11032.45,08-08-2019
09-Aug-19,11109.65,09-08-2019
13-Aug-19,10925.85,13-08-2019
14-Aug-19,11029.4,14-08-2019
16-Aug-19,11047.8,16-08-2019
19-Aug-19,11053.9,19-08-2019
20-Aug-19,11017,20-08-2019
21-Aug-19,10918.7,21-08-2019
22-Aug-19,10741.35,22-08-2019
23-Aug-19,10829.35,23-08-2019
26-Aug-19,11057.85,26-08-2019
27-Aug-19,11105.35,27-08-2019
28-Aug-19,11046.1,28-08-2019
29-Aug-19,10948.3,29-08-2019
30-Aug-19,11023.25,30-08-2019
03-Sep-19,10797.9,03-09-2019
04-Sep-19,10844.65,04-09-2019
05-Sep-19,10847.9,05-09-2019
06-Sep-19,10946.2,06-09-2019
09-Sep-19,11003.05,09-09-2019
11-Sep-19,11035.7,11-09-2019
12-Sep-19,10982.8,12-09-2019
13-Sep-19,11075.9,13-09-2019
16-Sep-19,11003.5,16-09-2019
17-Sep-19,10817.6,17-09-2019
18-Sep-19,10840.65,18-09-2019
19-Sep-19,10704.8,19-09-2019
20-Sep-19,11274.2,20-09-2019
23-Sep-19,11600.2,23-09-2019
24-Sep-19,11588.2,24-09-2019
25-Sep-19,11440.2,25-09-2019
26-Sep-19,11571.2,26-09-2019
27-Sep-19,11512.4,27-09-2019
30-Sep-19,11474.45,30-09-2019
01-Oct-19,11359.9,01-10-2019
03-Oct-19,11314,03-10-2019
04-Oct-19,11174.75,04-10-2019
07-Oct-19,11126.4,07-10-2019
09-Oct-19,11313.3,09-10-2019
10-Oct-19,11234.55,10-10-2019
11-Oct-19,11305.05,11-10-2019
14-Oct-19,11341.15,14-10-2019
15-Oct-19,11428.3,15-10-2019
16-Oct-19,11464,16-10-2019
17-Oct-19,11586.35,17-10-2019
18-Oct-19,11661.85,18-10-2019
22-Oct-19,11588.35,22-10-2019
23-Oct-19,11604.1,23-10-2019
24-Oct-19,11582.6,24-10-2019
25-Oct-19,11583.9,25-10-2019
27-Oct-19,11627.15,27-10-2019
29-Oct-19,11786.85,29-10-2019
30-Oct-19,11844.1,30-10-2019
31-Oct-19,11877.45,31-10-2019
01-Nov-19,11890.6,01-11-2019
04-Nov-19,11941.3,04-11-2019
05-Nov-19,11917.2,05-11-2019
06-Nov-19,11966.05,06-11-2019
07-Nov-19,12012.05,07-11-2019
08-Nov-19,11908.15,08-11-2019
11-Nov-19,11913.45,11-11-2019
13-Nov-19,11840.45,13-11-2019
14-Nov-19,11872.1,14-11-2019
15-Nov-19,11895.45,15-11-2019
18-Nov-19,11884.5,18-11-2019
19-Nov-19,11940.1,19-11-2019
20-Nov-19,11999.1,20-11-2019
21-Nov-19,11968.4,21-11-2019
22-Nov-19,11914.4,22-11-2019
25-Nov-19,12073.75,25-11-2019
26-Nov-19,12037.7,26-11-2019
27-Nov-19,12100.7,27-11-2019
28-Nov-19,12151.15,28-11-2019
29-Nov-19,12056.05,29-11-2019
02-Dec-19,12048.2,02-12-2019
03-Dec-19,11994.2,03-12-2019
04-Dec-19,12043.2,04-12-2019
05-Dec-19,12018.4,05-12-2019
06-Dec-19,11921.5,06-12-2019
09-Dec-19,11937.5,09-12-2019
10-Dec-19,11856.8,10-12-2019
11-Dec-19,11910.15,11-12-2019
12-Dec-19,11971.8,12-12-2019
13-Dec-19,12086.7,13-12-2019
16-Dec-19,12053.95,16-12-2019
17-Dec-19,12165,17-12-2019
18-Dec-19,12221.65,18-12-2019
19-Dec-19,12259.7,19-12-2019
20-Dec-19,12271.8,20-12-2019
23-Dec-19,12262.75,23-12-2019
24-Dec-19,12214.55,24-12-2019
26-Dec-19,12126.55,26-12-2019
27-Dec-19,12245.8,27-12-2019
30-Dec-19,12255.85,30-12-2019
31-Dec-19,12168.45,31-12-2019
01-Jan-20,12182.5,01-01-2020
02-Jan-20,12282.2,02-01-2020
03-Jan-20,12226.65,03-01-2020
06-Jan-20,11993.05,06-01-2020
07-Jan-20,12052.95,07-01-2020
08-Jan-20,12025.35,08-01-2020
09-Jan-20,12215.9,09-01-2020
10-Jan-20,12256.8,10-01-2020
13-Jan-20,12329.55,13-01-2020
14-Jan-20,12362.3,14-01-2020
15-Jan-20,12343.3,15-01-2020
16-Jan-20,12355.5,16-01-2020
17-Jan-20,12352.35,17-01-2020
20-Jan-20,12224.55,20-01-2020
21-Jan-20,12169.85,21-01-2020
22-Jan-20,12106.9,22-01-2020
23-Jan-20,12180.35,23-01-2020
24-Jan-20,12248.25,24-01-2020
27-Jan-20,12119,27-01-2020
28-Jan-20,12055.8,28-01-2020
29-Jan-20,12129.5,29-01-2020
30-Jan-20,12035.8,30-01-2020
31-Jan-20,11962.1,31-01-2020
01-Feb-20,11661.85,01-02-2020
03-Feb-20,11707.9,03-02-2020
04-Feb-20,11979.65,04-02-2020
05-Feb-20,12089.15,05-02-2020
06-Feb-20,12137.95,06-02-2020
07-Feb-20,12098.35,07-02-2020
10-Feb-20,12031.5,10-02-2020
11-Feb-20,12107.9,11-02-2020
12-Feb-20,12201.2,12-02-2020
13-Feb-20,12174.65,13-02-2020
14-Feb-20,12113.45,14-02-2020
17-Feb-20,12045.8,17-02-2020
18-Feb-20,11992.5,18-02-2020
19-Feb-20,12125.9,19-02-2020
20-Feb-20,12080.85,20-02-2020
24-Feb-20,11829.4,24-02-2020
25-Feb-20,11797.9,25-02-2020
26-Feb-20,11678.5,26-02-2020
27-Feb-20,11633.3,27-02-2020
28-Feb-20,11201.75,28-02-2020
02-Mar-20,11132.75,02-03-2020
03-Mar-20,11303.3,03-03-2020
04-Mar-20,11251,04-03-2020
05-Mar-20,11269,05-03-2020
06-Mar-20,10989.45,06-03-2020
09-Mar-20,10451.45,09-03-2020
11-Mar-20,10458.4,11-03-2020
12-Mar-20,9590.15,12-03-2020
13-Mar-20,9955.2,13-03-2020
16-Mar-20,9197.4,16-03-2020
17-Mar-20,8967.05,17-03-2020
18-Mar-20,8468.8,18-03-2020
19-Mar-20,8263.45,19-03-2020
20-Mar-20,8745.45,20-03-2020
23-Mar-20,7610.25,23-03-2020
24-Mar-20,7801.05,24-03-2020
25-Mar-20,8317.85,25-03-2020
26-Mar-20,8641.45,26-03-2020
27-Mar-20,8660.25,27-03-2020
30-Mar-20,8281.1,30-03-2020
31-Mar-20,8597.75,31-03-2020
01-Apr-20,8253.8,01-04-2020
03-Apr-20,8083.8,03-04-2020
07-Apr-20,8792.2,07-04-2020
08-Apr-20,8748.75,08-04-2020
09-Apr-20,9111.9,09-04-2020
13-Apr-20,8993.85,13-04-2020
15-Apr-20,8925.3,15-04-2020
16-Apr-20,8992.8,16-04-2020
17-Apr-20,9266.75,17-04-2020
20-Apr-20,9261.85,20-04-2020
21-Apr-20,8981.45,21-04-2020
22-Apr-20,9187.3,22-04-2020
23-Apr-20,9313.9,23-04-2020
24-Apr-20,9154.4,24-04-2020
27-Apr-20,9282.3,27-04-2020
28-Apr-20,9380.9,28-04-2020
29-Apr-20,9553.35,29-04-2020
30-Apr-20,9859.9,30-04-2020
04-May-20,9293.5,04-05-2020
05-May-20,9205.6,05-05-2020
06-May-20,9270.9,06-05-2020
07-May-20,9199.05,07-05-2020
08-May-20,9251.5,08-05-2020
11-May-20,9239.2,11-05-2020
12-May-20,9196.55,12-05-2020
13-May-20,9383.55,13-05-2020
14-May-20,9142.75,14-05-2020
15-May-20,9136.85,15-05-2020
18-May-20,8823.25,18-05-2020
19-May-20,8879.1,19-05-2020
20-May-20,9066.55,20-05-2020
21-May-20,9106.25,21-05-2020
22-May-20,9039.25,22-05-2020
26-May-20,9029.05,26-05-2020
27-May-20,9314.95,27-05-2020
28-May-20,9490.1,28-05-2020
29-May-20,9580.3,29-05-2020
01-Jun-20,9826.15,01-06-2020
02-Jun-20,9979.1,02-06-2020
03-Jun-20,10061.55,03-06-2020
04-Jun-20,10029.1,04-06-2020
05-Jun-20,10142.15,05-06-2020
08-Jun-20,10167.45,08-06-2020
09-Jun-20,10046.65,09-06-2020
10-Jun-20,10116.15,10-06-2020
11-Jun-20,9902,11-06-2020
12-Jun-20,9972.9,12-06-2020
15-Jun-20,9813.7,15-06-2020
16-Jun-20,9914,16-06-2020
17-Jun-20,9881.15,17-06-2020
18-Jun-20,10091.65,18-06-2020
19-Jun-20,10244.4,19-06-2020
22-Jun-20,10311.2,22-06-2020
23-Jun-20,10471,23-06-2020
24-Jun-20,10305.3,24-06-2020
25-Jun-20,10288.9,25-06-2020
26-Jun-20,10383,26-06-2020
29-Jun-20,10312.4,29-06-2020
30-Jun-20,10302.1,30-06-2020
01-Jul-20,10430.05,01-07-2020
02-Jul-20,10551.7,02-07-2020
03-Jul-20,10607.35,03-07-2020
06-Jul-20,10763.65,06-07-2020
07-Jul-20,10799.65,07-07-2020
08-Jul-20,10705.75,08-07-2020
09-Jul-20,10813.45,09-07-2020
10-Jul-20,10768.05,10-07-2020
13-07-2020,10802.7002,13-07-2020
14-07-2020,10607.34961,14-07-2020
15-07-2020,10618.2002,15-07-2020
16-07-2020,10739.9502,16-07-2020
17-07-2020,10901.7002,17-07-2020
20-07-2020,11022.2002,20-07-2020
21-07-2020,11162.25,21-07-2020
22-07-2020,11132.59961,22-07-2020
23-07-2020,11215.4502,23-07-2020
24-07-2020,11194.15039,24-07-2020
27-07-2020,11131.79981,27-07-2020
28-07-2020,11300.54981,28-07-2020
29-07-2020,11202.84961,29-07-2020
30-07-2020,11102.15039,30-07-2020
31-07-2020,11073.4502,31-07-2020
03-08-2020,10891.59961,03-08-2020
04-08-2020,11095.25,04-08-2020
05-08-2020,11101.65039,05-08-2020
06-08-2020,11200.15039,06-08-2020
07-08-2020,11214.04981,07-08-2020
10-08-2020,11270.15039,10-08-2020
11-08-2020,11322.5,11-08-2020
12-08-2020,11308.40039,12-08-2020
13-08-2020,11300.4502,13-08-2020
14-08-2020,11178.40039,14-08-2020
17-08-2020,11247.09961,17-08-2020
18-08-2020,11385.34961,18-08-2020
19-08-2020,11408.40039,19-08-2020
20-08-2020,11312.2002,20-08-2020
21-08-2020,11371.59961,21-08-2020
24-08-2020,11466.4502,24-08-2020
25-08-2020,11472.25,25-08-2020
26-08-2020,11549.59961,26-08-2020
27-08-2020,11559.25,27-08-2020
28-08-2020,11647.59961,28-08-2020
31-08-2020,11387.5,31-08-2020
01-09-2020,11470.25,01-09-2020
02-09-2020,11535,02-09-2020
03-09-2020,11527.4502,03-09-2020
04-09-2020,11333.84961,04-09-2020
07-09-2020,11355.04981,07-09-2020
08-09-2020,11317.34961,08-09-2020
09-09-2020,11278,09-09-2020
10-09-2020,11449.25,10-09-2020
11-09-2020,11464.4502,11-09-2020
14-09-2020,11440.04981,14-09-2020
15-09-2020,11521.79981,15-09-2020
16-09-2020,11604.54981,16-09-2020
17-09-2020,11516.09961,17-09-2020
18-09-2020,11504.9502,18-09-2020
21-09-2020,11250.54981,21-09-2020
22-09-2020,11153.65039,22-09-2020
23-09-2020,11131.84961,23-09-2020
24-09-2020,10805.54981,24-09-2020
25-09-2020,11050.25,25-09-2020
28-09-2020,11227.54981,28-09-2020
29-09-2020,11222.40039,29-09-2020
30-09-2020,11247.54981,30-09-2020
01-10-2020,11416.9502,01-10-2020
05-10-2020,11503.34961,05-10-2020
06-10-2020,11662.40039,06-10-2020
07-10-2020,11738.84961,07-10-2020
08-10-2020,11834.59961,08-10-2020
09-10-2020,11914.2002,09-10-2020
12-10-2020,11930.9502,12-10-2020
13-10-2020,11934.5,13-10-2020
14-10-2020,11971.04981,14-10-2020
15-10-2020,11680.34961,15-10-2020
16-10-2020,11762.4502,16-10-2020
19-10-2020,11873.04981,19-10-2020
20-10-2020,11896.79981,20-10-2020
21-10-2020,11937.65039,21-10-2020
22-10-2020,11896.4502,22-10-2020
23-10-2020,11930.34961,23-10-2020
26-10-2020,11767.75,26-10-2020
27-10-2020,11889.40039,27-10-2020
28-10-2020,11729.59961,28-10-2020
29-10-2020,11670.79981,29-10-2020
30-10-2020,11642.40039,30-10-2020
02-11-2020,11669.15039,02-11-2020
03-11-2020,11813.5,03-11-2020
04-11-2020,11908.5,04-11-2020
05-11-2020,12120.29981,05-11-2020
06-11-2020,12263.54981,06-11-2020
09-11-2020,12461.04981,09-11-2020
10-11-2020,12631.09961,10-11-2020
11-11-2020,12749.15039,11-11-2020
12-11-2020,12690.79981,12-11-2020
13-11-2020,12719.9502,13-11-2020
17-11-2020,12874.2002,17-11-2020
18-11-2020,12938.25,18-11-2020
19-11-2020,12771.7002,19-11-2020
20-11-2020,12859.04981,20-11-2020
23-11-2020,12926.4502,23-11-2020
24-11-2020,13055.15039,24-11-2020
25-11-2020,12858.40039,25-11-2020
26-11-2020,12987,26-11-2020
27-11-2020,12968.9502,27-11-2020
01-12-2020,13109.04981,01-12-2020
02-12-2020,13113.75,02-12-2020
03-12-2020,13133.90039,03-12-2020
04-12-2020,13258.54981,04-12-2020
07-12-2020,13355.75,07-12-2020
08-12-2020,13392.9502,08-12-2020
09-12-2020,13529.09961,09-12-2020
10-12-2020,13478.29981,10-12-2020
11-12-2020,13513.84961,11-12-2020
14-12-2020,13558.15039,14-12-2020
15-12-2020,13567.84961,15-12-2020
16-12-2020,13682.7002,16-12-2020
17-12-2020,13740.7002,17-12-2020
18-12-2020,13760.54981,18-12-2020
21-12-2020,13328.40039,21-12-2020
22-12-2020,13466.29981,22-12-2020
23-12-2020,13601.09961,23-12-2020
24-12-2020,13749.25,24-12-2020
28-12-2020,13873.2002,28-12-2020
29-12-2020,13932.59961,29-12-2020
30-12-2020,13981.9502,30-12-2020
01-Jan-21,14018.5,01-01-2021
04-Jan-21,14132.9,04-01-2021
05-Jan-21,14199.5,05-01-2021
06-Jan-21,14146.25,06-01-2021
07-Jan-21,14137.35,07-01-2021
08-Jan-21,14347.25,08-01-2021
11-Jan-21,14484.75,11-01-2021
12-Jan-21,14563.45,12-01-2021
13-Jan-21,14564.85,13-01-2021
14-Jan-21,14595.6,14-01-2021
15-Jan-21,14433.7,15-01-2021
18-Jan-21,14281.3,18-01-2021
19-Jan-21,14521.15,19-01-2021
20-Jan-21,14644.7,20-01-2021
21-Jan-21,14590.35,21-01-2021
22-Jan-21,14371.9,22-01-2021
25-Jan-21,14238.9,25-01-2021
27-Jan-21,13967.5,27-01-2021
28-Jan-21,13817.55,28-01-2021
29-Jan-21,13634.6,29-01-2021
01-Feb-21,14281.2,01-02-2021
02-Feb-21,14647.85,02-02-2021
03-Feb-21,14789.95,03-02-2021
04-Feb-21,14895.65,04-02-2021
05-Feb-21,14924.25,05-02-2021
08-Feb-21,15115.8,08-02-2021
09-Feb-21,15109.3,09-02-2021
10-Feb-21,15106.5,10-02-2021
11-Feb-21,15173.3,11-02-2021
12-Feb-21,15163.3,12-02-2021
15-Feb-21,15314.7,15-02-2021
16-Feb-21,15313.45,16-02-2021
17-Feb-21,15208.9,17-02-2021
18-Feb-21,15118.95,18-02-2021
19-Feb-21,14981.75,19-02-2021
22-Feb-21,14675.7,22-02-2021
23-Feb-21,14707.8,23-02-2021
24-Feb-21,14982,24-02-2021
25-Feb-21,15097.35,25-02-2021
26-Feb-21,14529.15,26-02-2021
01-Mar-21,14761.55,01-03-2021
02-Mar-21,14919.1,02-03-2021
03-Mar-21,15245.6,03-03-2021
04-Mar-21,15080.75,04-03-2021
05-Mar-21,14938.1,05-03-2021
08-Mar-21,14956.2,08-03-2021
09-Mar-21,15098.4,09-03-2021
10-Mar-21,15174.8,10-03-2021
12-Mar-21,15030.95,12-03-2021
15-Mar-21,14929.5,15-03-2021
16-Mar-21,14910.45,16-03-2021
17-Mar-21,14721.3,17-03-2021
18-Mar-21,14557.85,18-03-2021
19-Mar-21,14744,19-03-2021
22-Mar-21,14736.4,22-03-2021
23-Mar-21,14814.75,23-03-2021
24-Mar-21,14549.4,24-03-2021
25-Mar-21,14324.9,25-03-2021
26-Mar-21,14507.3,26-03-2021
30-Mar-21,14845.1,30-03-2021
31-Mar-21,14690.7,31-03-2021
01-Apr-21,14867.35,01-04-2021
05-Apr-21,14637.8,05-04-2021
06-Apr-21,14683.5,06-04-2021
07-Apr-21,14819.05,07-04-2021
08-Apr-21,14873.8,08-04-2021
09-Apr-21,14834.85,09-04-2021
12-Apr-21,14310.8,12-04-2021
13-Apr-21,14504.8,13-04-2021
15-Apr-21,14581.45,15-04-2021
16-Apr-21,14617.85,16-04-2021
19-Apr-21,14359.45,19-04-2021
20-Apr-21,14296.4,20-04-2021
22-Apr-21,14406.15,22-04-2021
23-Apr-21,14341.35,23-04-2021
26-Apr-21,14485,26-04-2021
27-Apr-21,14653.05,27-04-2021
28-Apr-21,14864.55,28-04-2021
29-Apr-21,14894.9,29-04-2021
30-Apr-21,14631.1,30-04-2021
03-May-21,14634.15,03-05-2021
04-May-21,14496.5,04-05-2021
05-May-21,14617.85,05-05-2021
06-May-21,14724.8,06-05-2021
07-May-21,14823.15,07-05-2021
10-May-21,14942.35,10-05-2021
11-May-21,14850.75,11-05-2021
12-May-21,14696.5,12-05-2021
14-May-21,14677.8,14-05-2021
17-May-21,14923.15,17-05-2021
18-May-21,15108.1,18-05-2021
19-May-21,15030.15,19-05-2021
20-May-21,14906.05,20-05-2021
21-May-21,15175.3,21-05-2021
24-May-21,15197.7,24-05-2021
25-May-21,15208.45,25-05-2021
26-May-21,15301.45,26-05-2021
27-May-21,15337.85,27-05-2021
28-May-21,15435.65,28-05-2021
31-May-21,15582.8,31-05-2021
01-Jun-21,15574.85,01-06-2021
02-Jun-21,15576.2,02-06-2021
03-Jun-21,15690.35,03-06-2021
04-Jun-21,15670.25,04-06-2021
07-Jun-21,15751.65,07-06-2021
08-Jun-21,15740.1,08-06-2021
09-Jun-21,15635.35,09-06-2021
10-Jun-21,15737.75,10-06-2021
11-Jun-21,15799.35,11-06-2021
14-Jun-21,15811.85,14-06-2021
15-Jun-21,15869.25,15-06-2021
16-Jun-21,15767.55,16-06-2021
17-Jun-21,15691.4,17-06-2021
18-Jun-21,15683.35,18-06-2021
21-Jun-21,15746.5,21-06-2021
22-Jun-21,15772.75,22-06-2021
23-Jun-21,15686.95,23-06-2021
24-Jun-21,15790.45,24-06-2021
25-Jun-21,15860.35,25-06-2021
28-Jun-21,15814.7,28-06-2021
29-Jun-21,15748.45,29-06-2021
30-Jun-21,15721.5,30-06-2021
01-Jul-21,15680,01-07-2021
02-Jul-21,15722.2,02-07-2021
05-Jul-21,15834.35,05-07-2021
06-Jul-21,15818.25,06-07-2021
07-Jul-21,15879.65,07-07-2021
08-Jul-21,15727.9,08-07-2021
09-Jul-21,15689.8,09-07-2021
12-Jul-21,15692.6,12-07-2021
13-Jul-21,15812.35,13-07-2021
14-Jul-21,15853.95,14-07-2021
15-Jul-21,15924.2,15-07-2021
16-Jul-21,15923.4,16-07-2021
19-Jul-21,15752.4,19-07-2021
20-Jul-21,15632.1,20-07-2021
22-Jul-21,15824.05,22-07-2021
23-Jul-21,15856.05,23-07-2021
26-Jul-21,15824.45,26-07-2021
27-Jul-21,15746.45,27-07-2021
28-Jul-21,15709.4,28-07-2021
29-Jul-21,15778.45,29-07-2021
30-Jul-21,15763.05,30-07-2021
02-Aug-21,15885.15,02-08-2021
03-Aug-21,16130.75,03-08-2021
04-Aug-21,16258.8,04-08-2021
05-Aug-21,16294.6,05-08-2021
06-Aug-21,16238.2,06-08-2021
09-Aug-21,16258.25,09-08-2021
10-Aug-21,16280.1,10-08-2021
11-Aug-21,16282.25,11-08-2021
12-Aug-21,16364.4,12-08-2021
13-Aug-21,16529.1,13-08-2021
16-Aug-21,16563.05,16-08-2021
17-Aug-21,16614.6,17-08-2021
18-Aug-21,16568.85,18-08-2021
20-Aug-21,16450.5,20-08-2021
23-Aug-21,16496.45,23-08-2021
24-Aug-21,16624.6,24-08-2021
25-Aug-21,16634.65,25-08-2021
26-Aug-21,16636.9,26-08-2021
27-Aug-21,16705.2,27-08-2021
30-Aug-21,16931.05,30-08-2021
31-Aug-21,17132.2,31-08-2021
01-Sep-21,17076.25,01-09-2021
02-Sep-21,17234.15,02-09-2021
03-Sep-21,17323.6,03-09-2021
06-Sep-21,17377.8,06-09-2021
07-Sep-21,17362.1,07-09-2021
08-Sep-21,17353.5,08-09-2021
09-Sep-21,17369.25,09-09-2021
13-Sep-21,17355.3,13-09-2021
14-Sep-21,17380,14-09-2021
15-Sep-21,17519.45,15-09-2021
16-Sep-21,17629.5,16-09-2021
17-Sep-21,17585.15,17-09-2021
20-Sep-21,17396.9,20-09-2021
21-Sep-21,17562,21-09-2021
22-Sep-21,17546.65,22-09-2021
23-Sep-21,17822.95,23-09-2021
24-Sep-21,17853.2,24-09-2021
27-Sep-21,17855.1,27-09-2021
28-Sep-21,17748.6,28-09-2021
29-Sep-21,17711.3,29-09-2021
30-Sep-21,17618.15,30-09-2021
01-Oct-21,17532.05,01-10-2021
04-Oct-21,17691.25,04-10-2021
05-Oct-21,17822.3,05-10-2021
06-Oct-21,17646,06-10-2021
07-Oct-21,17790.35,07-10-2021
08-Oct-21,17895.2,08-10-2021
11-Oct-21,17945.95,11-10-2021
12-Oct-21,17991.95,12-10-2021
13-Oct-21,18161.75,13-10-2021
14-Oct-21,18338.55,14-10-2021
18-Oct-21,18477.05,18-10-2021
19-Oct-21,18418.75,19-10-2021
20-Oct-21,18266.6,20-10-2021
21-Oct-21,18178.1,21-10-2021
22-Oct-21,18114.9,22-10-2021
25-Oct-21,18125.4,25-10-2021
26-Oct-21,18268.4,26-10-2021
27-Oct-21,18210.95,27-10-2021
28-Oct-21,17857.25,28-10-2021
29-Oct-21,17671.65,29-10-2021
01-Nov-21,17929.65,01-11-2021
02-Nov-21,17888.95,02-11-2021
03-Nov-21,17829.2,03-11-2021
04-Nov-21,17916.8,04-11-2021
08-Nov-21,18068.55,08-11-2021
09-Nov-21,18044.25,09-11-2021
10-Nov-21,18017.2,10-11-2021
11-Nov-21,17873.6,11-11-2021
12-Nov-21,18102.75,12-11-2021
15-Nov-21,18109.45,15-11-2021
16-Nov-21,17999.2,16-11-2021
17-Nov-21,17898.65,17-11-2021
18-Nov-21,17764.8,18-11-2021
22-Nov-21,17416.55,22-11-2021
23-Nov-21,17503.35,23-11-2021
24-Nov-21,17415.05,24-11-2021
25-Nov-21,17536.25,25-11-2021
26-Nov-21,17026.45,26-11-2021
29-Nov-21,17053.95,29-11-2021
30-Nov-21,16983.2,30-11-2021
01-Dec-21,17166.9,01-12-2021
02-Dec-21,17401.65,02-12-2021
03-Dec-21,17196.7,03-12-2021
06-Dec-21,16912.25,06-12-2021
07-Dec-21,17176.7,07-12-2021
08-Dec-21,17469.75,08-12-2021
09-Dec-21,17516.85,09-12-2021
10-Dec-21,17511.3,10-12-2021
13-Dec-21,17368.25,13-12-2021
14-Dec-21,17324.9,14-12-2021
15-Dec-21,17221.4,15-12-2021
16-Dec-21,17248.4,16-12-2021
17-Dec-21,16985.2,17-12-2021
20-Dec-21,16614.2,20-12-2021
21-Dec-21,16770.85,21-12-2021
22-Dec-21,16955.45,22-12-2021
23-Dec-21,17072.6,23-12-2021
24-Dec-21,17003.75,24-12-2021
27-Dec-21,17086.25,27-12-2021
28-Dec-21,17233.25,28-12-2021
29-Dec-21,17213.6,29-12-2021
30-Dec-21,17203.95,30-12-2021
31-Dec-21,17354.05,31-12-2021
03-Jan-22,17625.7,03-01-2022
04-Jan-22,17805.25,04-01-2022
05-Jan-22,17925.25,05-01-2022
06-Jan-22,17745.9,06-01-2022
07-Jan-22,17812.7,07-01-2022
10-Jan-22,18003.3,10-01-2022
11-Jan-22,18055.75,11-01-2022
12-Jan-22,18212.35,12-01-2022
13-Jan-22,18257.8,13-01-2022
14-Jan-22,18255.75,14-01-2022
17-Jan-22,18308.1,17-01-2022
18-Jan-22,18113.05,18-01-2022
19-Jan-22,17938.4,19-01-2022
20-Jan-22,17757,20-01-2022
21-Jan-22,17617.15,21-01-2022
24-Jan-22,17149.1,24-01-2022
25-Jan-22,17277.95,25-01-2022
27-Jan-22,17110.15,27-01-2022
28-Jan-22,17101.95,28-01-2022
31-Jan-22,17339.85,31-01-2022
01-Feb-22,17576.85,01-02-2022
02-Feb-22,17780,02-02-2022
03-Feb-22,17560.2,03-02-2022
04-Feb-22,17516.3,04-02-2022
07-Feb-22,17213.6,07-02-2022
08-Feb-22,17266.75,08-02-2022
09-Feb-22,17463.8,09-02-2022
10-Feb-22,17605.85,10-02-2022
11-Feb-22,17374.75,11-02-2022
14-Feb-22,16842.8,14-02-2022
15-Feb-22,17352.45,15-02-2022
16-Feb-22,17322.2,16-02-2022
17-Feb-22,17304.6,17-02-2022
18-Feb-22,17276.3,18-02-2022
21-Feb-22,17206.65,21-02-2022
22-Feb-22,17092.2,22-02-2022
23-Feb-22,17063.25,23-02-2022
24-Feb-22,16247.95,24-02-2022
25-Feb-22,16658.4,25-02-2022
28-Feb-22,16793.9,28-02-2022
02-Mar-22,16605.95,02-03-2022
03-Mar-22,16498.05,03-03-2022
04-Mar-22,16245.35,04-03-2022
07-Mar-22,15863.15,07-03-2022
08-Mar-22,16013.45,08-03-2022
09-Mar-22,16345.35,09-03-2022
10-Mar-22,16594.9,10-03-2022
11-Mar-22,16630.45,11-03-2022
14-Mar-22,16871.3,14-03-2022
15-Mar-22,16663,15-03-2022
16-Mar-22,16975.35,16-03-2022
17-Mar-22,17287.05,17-03-2022
21-Mar-22,17117.6,21-03-2022
22-Mar-22,17315.5,22-03-2022
23-Mar-22,17245.65,23-03-2022
24-Mar-22,17222.75,24-03-2022
25-Mar-22,17153,25-03-2022
28-Mar-22,17222,28-03-2022
29-Mar-22,17325.3,29-03-2022
30-Mar-22,17498.25,30-03-2022
31-Mar-22,17464.75,31-03-2022
01-Apr-22,17670.45,01-04-2022
04-Apr-22,18053.4,04-04-2022
05-Apr-22,17957.4,05-04-2022
06-Apr-22,17807.65,06-04-2022
07-Apr-22,17639.55,07-04-2022
08-Apr-22,17784.35,08-04-2022
11-Apr-22,17674.95,11-04-2022
12-Apr-22,17530.3,12-04-2022
13-Apr-22,17475.65,13-04-2022
18-Apr-22,17173.65,18-04-2022
19-Apr-22,16958.65,19-04-2022
20-Apr-22,17136.55,20-04-2022
21-Apr-22,17392.6,21-04-2022
22-Apr-22,17171.95,22-04-2022
25-Apr-22,16953.95,25-04-2022
26-Apr-22,17200.8,26-04-2022
27-Apr-22,17038.4,27-04-2022
28-Apr-22,17245.05,28-04-2022
29-Apr-22,17102.55,29-04-2022
02-May-22,17069.1,02-05-2022
04-May-22,16677.6,04-05-2022
05-May-22,16682.65,05-05-2022
06-May-22,16411.25,06-05-2022
09-May-22,16301.85,09-05-2022
10-May-22,16240.05,10-05-2022
11-May-22,16167.1,11-05-2022
12-May-22,15808,12-05-2022
13-May-22,15782.15,13-05-2022
16-May-22,15842.3,16-05-2022
17-May-22,16259.3,17-05-2022
18-May-22,16240.3,18-05-2022
19-May-22,15809.4,19-05-2022
20-May-22,16266.15,20-05-2022
23-May-22,16214.7,23-05-2022
24-May-22,16125.15,24-05-2022
25-May-22,16025.8,25-05-2022
26-May-22,16170.15,26-05-2022
27-May-22,16352.45,27-05-2022
30-May-22,16661.4,30-05-2022
31-May-22,16584.55,31-05-2022
01-Jun-22,16522.75,01-06-2022
02-Jun-22,16628,02-06-2022
03-Jun-22,16584.3,03-06-2022
06-Jun-22,16569.55,06-06-2022
07-Jun-22,16416.35,07-06-2022
08-Jun-22,16356.25,08-06-2022
09-Jun-22,16478.1,09-06-2022
10-Jun-22,16201.8,10-06-2022
13-Jun-22,15774.4,13-06-2022
14-Jun-22,15732.1,14-06-2022
15-Jun-22,15692.15,15-06-2022
16-Jun-22,15360.6,16-06-2022
17-Jun-22,15293.5,17-06-2022
20-Jun-22,15350.15,20-06-2022
21-Jun-22,15638.8,21-06-2022
22-Jun-22,15413.3,22-06-2022
23-Jun-22,15556.65,23-06-2022
24-Jun-22,15699.25,24-06-2022
27-Jun-22,15832.05,27-06-2022
28-Jun-22,15850.2,28-06-2022
29-Jun-22,15799.1,29-06-2022
30-Jun-22,15780.25,30-06-2022
01-Jul-22,15752.05,01-07-2022
04-Jul-22,15835.35,04-07-2022
05-Jul-22,15810.85,05-07-2022
06-Jul-22,15989.8,06-07-2022
07-Jul-22,16132.9,07-07-2022
08-Jul-22,16220.6,08-07-2022
11-Jul-22,16216,11-07-2022
12-Jul-22,16058.3,12-07-2022
13-Jul-22,15966.65,13-07-2022
14-Jul-22,15938.65,14-07-2022
15-Jul-22,16049.2,15-07-2022
18-Jul-22,16278.5,18-07-2022
19-Jul-22,16340.55,19-07-2022
20-Jul-22,16520.85,20-07-2022
21-Jul-22,16605.25,21-07-2022
22-Jul-22,16719.45,22-07-2022
25-Jul-22,16631,25-07-2022
26-Jul-22,16483.85,26-07-2022
27-Jul-22,16641.8,27-07-2022
28-Jul-22,16929.6,28-07-2022
29-Jul-22,17158.25,29-07-2022
01-Aug-22,17340.05,01-08-2022
02-Aug-22,17345.45,02-08-2022
03-Aug-22,17388.15,03-08-2022
04-Aug-22,17382,04-08-2022
05-Aug-22,17397.5,05-08-2022
08-Aug-22,17525.1,08-08-2022
10-Aug-22,17534.75,10-08-2022
11-Aug-22,17659,11-08-2022
12-Aug-22,17698.15,12-08-2022
16-Aug-22,17825.25,16-08-2022
17-Aug-22,17944.25,17-08-2022
18-Aug-22,17956.5,18-08-2022
19-Aug-22,17758.45,19-08-2022
22-Aug-22,17490.7,22-08-2022
23-Aug-22,17577.5,23-08-2022
24-Aug-22,17604.95,24-08-2022
25-Aug-22,17522.45,25-08-2022
26-Aug-22,17558.9,26-08-2022
29-Aug-22,17312.9,29-08-2022
30-Aug-22,17759.3,30-08-2022
01-Sep-22,17542.8,01-09-2022
02-Sep-22,17539.45,02-09-2022
05-Sep-22,17665.8,05-09-2022
06-Sep-22,17655.6,06-09-2022
07-Sep-22,17624.4,07-09-2022
08-Sep-22,17798.75,08-09-2022
09-Sep-22,17833.35,09-09-2022
12-Sep-22,17936.35,12-09-2022
13-Sep-22,18070.05,13-09-2022
14-Sep-22,18003.75,14-09-2022
15-Sep-22,17877.4,15-09-2022
16-Sep-22,17530.85,16-09-2022
19-Sep-22,17622.25,19-09-2022
20-Sep-22,17816.25,20-09-2022
21-Sep-22,17718.35,21-09-2022
22-Sep-22,17629.8,22-09-2022
23-Sep-22,17327.35,23-09-2022
26-Sep-22,17016.3,26-09-2022
27-Sep-22,17007.4,27-09-2022
28-Sep-22,16858.6,28-09-2022
29-Sep-22,16818.1,29-09-2022
30-Sep-22,17094.35,30-09-2022
03-Oct-22,16887.35,03-10-2022
04-Oct-22,17274.3,04-10-2022
06-Oct-22,17331.8,06-10-2022
07-Oct-22,17314.65,07-10-2022
10-Oct-22,17241,10-10-2022
11-Oct-22,16983.55,11-10-2022
12-Oct-22,17123.6,12-10-2022
13-Oct-22,17014.35,13-10-2022
14-Oct-22,17185.7,14-10-2022
17-Oct-22,17311.8,17-10-2022
18-Oct-22,17486.95,18-10-2022
19-Oct-22,17512.25,19-10-2022
20-Oct-22,17563.95,20-10-2022
21-Oct-22,17576.3,21-10-2022
24-Oct-22,17730.75,24-10-2022
25-Oct-22,17656.35,25-10-2022
27-Oct-22,17736.95,27-10-2022
28-Oct-22,17786.8,28-10-2022
31-Oct-22,18012.2,31-10-2022
01-Nov-22,18145.4,01-11-2022
02-Nov-22,18082.85,02-11-2022
03-Nov-22,18052.7,03-11-2022
04-Nov-22,18117.15,04-11-2022
07-Nov-22,18202.8,07-11-2022
09-Nov-22,18157,09-11-2022
10-Nov-22,18028.2,10-11-2022
11-Nov-22,18349.7,11-11-2022
15-Nov-22,18403.4,15-11-2022
16-Nov-22,18409.65,16-11-2022
17-Nov-22,18343.9,17-11-2022
18-Nov-22,18307.65,18-11-2022
21-Nov-22,18159.95,21-11-2022
22-Nov-22,18244.2,22-11-2022
23-Nov-22,18267.25,23-11-2022
24-Nov-22,18484.1,24-11-2022
25-Nov-22,18512.75,25-11-2022
28-Nov-22,18562.75,28-11-2022
29-Nov-22,18618.05,29-11-2022
30-Nov-22,18758.35,30-11-2022
01-Dec-22,18812.5,01-12-2022
02-Dec-22,18696.1,02-12-2022
05-Dec-22,18701.05,05-12-2022
06-Dec-22,18642.75,06-12-2022
07-Dec-22,18560.5,07-12-2022
08-Dec-22,18609.35,08-12-2022
09-Dec-22,18496.6,09-12-2022
12-Dec-22,18497.15,12-12-2022
13-Dec-22,18608,13-12-2022
14-Dec-22,18660.3,14-12-2022
15-Dec-22,18414.9,15-12-2022
16-Dec-22,18269,16-12-2022
19-Dec-22,18420.45,19-12-2022
20-Dec-22,18385.3,20-12-2022
21-Dec-22,18199.1,21-12-2022
22-Dec-22,18127.35,22-12-2022
23-Dec-22,17806.8,23-12-2022
26-Dec-22,18014.6,26-12-2022
27-Dec-22,18132.3,27-12-2022
28-Dec-22,18122.5,28-12-2022
29-Dec-22,18191,29-12-2022
30-Dec-22,18105.3,30-12-2022
