date,close
02-01-2013,5993.25
03-01-2013,6009.5
04-01-2013,6016.149902
07-01-2013,5988.399902
08-01-2013,6001.700195
09-01-2013,5971.5
10-01-2013,5968.649902
11-01-2013,5951.299805
14-01-2013,6024.049805
15-01-2013,6056.600098
16-01-2013,6001.850098
17-01-2013,6039.200195
18-01-2013,6064.399902
21-01-2013,6082.299805
22-01-2013,6048.5
23-01-2013,6054.299805
24-01-2013,6019.350098
25-01-2013,6074.649902
28-01-2013,6074.799805
29-01-2013,6049.899902
30-01-2013,6055.75
31-01-2013,6034.75
01-02-2013,5998.899902
04-02-2013,5987.25
05-02-2013,5956.899902
06-02-2013,5959.200195
07-02-2013,5938.799805
08-02-2013,5903.5
11-02-2013,5897.850098
12-02-2013,5922.5
13-02-2013,5932.950195
14-02-2013,5896.950195
15-02-2013,5887.399902
18-02-2013,5898.200195
19-02-2013,5939.700195
20-02-2013,5943.049805
21-02-2013,5852.25
22-02-2013,5850.299805
25-02-2013,5854.75
26-02-2013,5761.350098
27-02-2013,5796.899902
28-02-2013,5693.049805
01-03-2013,5719.700195
04-03-2013,5698.5
05-03-2013,5784.25
06-03-2013,5818.600098
07-03-2013,5863.299805
08-03-2013,5945.700195
11-03-2013,5942.350098
12-03-2013,5914.100098
13-03-2013,5851.200195
14-03-2013,5908.950195
15-03-2013,5872.600098
18-03-2013,5835.25
19-03-2013,5745.950195
20-03-2013,5694.399902
21-03-2013,5658.75
22-03-2013,5651.350098
25-03-2013,5633.850098
26-03-2013,5641.600098
28-03-2013,5682.549805
01-04-2013,5704.399902
02-04-2013,5748.100098
03-04-2013,5672.899902
04-04-2013,5574.75
05-04-2013,5553.25
08-04-2013,5542.950195
09-04-2013,5495.100098
10-04-2013,5558.700195
11-04-2013,5594
12-04-2013,5528.549805
15-04-2013,5568.399902
16-04-2013,5688.950195
17-04-2013,5688.700195
18-04-2013,5783.100098
22-04-2013,5834.399902
23-04-2013,5836.899902
25-04-2013,5916.299805
26-04-2013,5871.450195
29-04-2013,5904.100098
30-04-2013,5930.200195
02-05-2013,5999.350098
03-05-2013,5944
06-05-2013,5971.049805
07-05-2013,6043.549805
08-05-2013,6069.299805
09-05-2013,6050.149902
10-05-2013,6094.75
13-05-2013,5980.450195
14-05-2013,5995.399902
15-05-2013,6146.75
16-05-2013,6169.899902
17-05-2013,6187.299805
20-05-2013,6156.899902
21-05-2013,6114.100098
22-05-2013,6094.5
23-05-2013,5967.049805
24-05-2013,5983.549805
27-05-2013,6083.149902
28-05-2013,6111.25
29-05-2013,6104.299805
30-05-2013,6124.049805
31-05-2013,5985.950195
03-06-2013,5939.299805
04-06-2013,5919.450195
05-06-2013,5923.850098
06-06-2013,5921.399902
07-06-2013,5881
10-06-2013,5878
11-06-2013,5788.799805
12-06-2013,5760.200195
13-06-2013,5699.100098
14-06-2013,5808.399902
17-06-2013,5850.049805
18-06-2013,5813.600098
19-06-2013,5822.25
20-06-2013,5655.899902
21-06-2013,5667.649902
24-06-2013,5590.25
25-06-2013,5609.100098
26-06-2013,5588.700195
27-06-2013,5682.350098
28-06-2013,5842.200195
01-07-2013,5898.850098
02-07-2013,5857.549805
03-07-2013,5770.899902
04-07-2013,5836.950195
05-07-2013,5867.899902
08-07-2013,5811.549805
09-07-2013,5859
10-07-2013,5816.700195
11-07-2013,5935.100098
12-07-2013,6009
15-07-2013,6030.799805
16-07-2013,5955.25
17-07-2013,5973.299805
18-07-2013,6038.049805
19-07-2013,6029.200195
22-07-2013,6031.799805
23-07-2013,6077.799805
24-07-2013,5990.5
25-07-2013,5907.5
26-07-2013,5886.200195
29-07-2013,5831.649902
30-07-2013,5755.049805
31-07-2013,5742
01-08-2013,5727.850098
02-08-2013,5677.899902
05-08-2013,5685.399902
06-08-2013,5542.25
07-08-2013,5519.100098
08-08-2013,5565.649902
12-08-2013,5612.399902
13-08-2013,5699.299805
14-08-2013,5742.299805
16-08-2013,5507.850098
19-08-2013,5414.75
20-08-2013,5401.450195
21-08-2013,5302.549805
22-08-2013,5408.450195
23-08-2013,5471.75
26-08-2013,5476.5
27-08-2013,5287.450195
28-08-2013,5285
29-08-2013,5409.049805
30-08-2013,5471.799805
02-09-2013,5550.75
03-09-2013,5341.450195
04-09-2013,5448.100098
05-09-2013,5592.950195
06-09-2013,5680.399902
10-09-2013,5896.75
11-09-2013,5913.149902
12-09-2013,5850.700195
13-09-2013,5850.600098
16-09-2013,5840.549805
17-09-2013,5850.200195
18-09-2013,5899.450195
19-09-2013,6115.549805
20-09-2013,6012.100098
23-09-2013,5889.75
24-09-2013,5892.450195
25-09-2013,5873.850098
26-09-2013,5882.25
27-09-2013,5833.200195
30-09-2013,5735.299805
01-10-2013,5780.049805
03-10-2013,5909.700195
04-10-2013,5907.299805
07-10-2013,5906.149902
08-10-2013,5928.399902
09-10-2013,6007.450195
10-10-2013,6020.950195
11-10-2013,6096.200195
14-10-2013,6112.700195
15-10-2013,6089.049805
17-10-2013,6045.850098
18-10-2013,6189.350098
21-10-2013,6204.950195
22-10-2013,6202.799805
23-10-2013,6178.350098
24-10-2013,6164.350098
25-10-2013,6144.899902
28-10-2013,6101.100098
29-10-2013,6220.899902
30-10-2013,6251.700195
31-10-2013,6299.149902
01-11-2013,6307.200195
05-11-2013,6253.149902
06-11-2013,6215.149902
07-11-2013,6187.25
08-11-2013,6140.75
11-11-2013,6078.799805
12-11-2013,6018.049805
13-11-2013,5989.600098
14-11-2013,6056.149902
18-11-2013,6189
19-11-2013,6203.350098
20-11-2013,6122.899902
21-11-2013,5999.049805
22-11-2013,5995.450195
25-11-2013,6115.350098
26-11-2013,6059.100098
27-11-2013,6057.100098
28-11-2013,6091.850098
29-11-2013,6176.100098
02-12-2013,6217.850098
03-12-2013,6201.850098
04-12-2013,6160.950195
05-12-2013,6241.100098
06-12-2013,6259.899902
09-12-2013,6363.899902
10-12-2013,6332.850098
11-12-2013,6307.899902
12-12-2013,6237.049805
13-12-2013,6168.399902
16-12-2013,6154.700195
17-12-2013,6139.049805
18-12-2013,6217.149902
19-12-2013,6166.649902
20-12-2013,6274.25
23-12-2013,6284.5
24-12-2013,6268.399902
26-12-2013,6278.899902
27-12-2013,6313.799805
30-12-2013,6291.100098
02-01-2014,6221.149902
03-01-2014,6211.149902
06-01-2014,6191.450195
07-01-2014,6162.25
08-01-2014,6174.600098
09-01-2014,6168.350098
10-01-2014,6171.450195
13-01-2014,6272.75
14-01-2014,6241.850098
15-01-2014,6320.899902
16-01-2014,6318.899902
17-01-2014,6261.649902
20-01-2014,6303.950195
21-01-2014,6313.799805
22-01-2014,6338.950195
23-01-2014,6345.649902
24-01-2014,6266.75
27-01-2014,6135.850098
28-01-2014,6126.25
29-01-2014,6120.25
30-01-2014,6073.700195
31-01-2014,6089.5
03-02-2014,6001.799805
04-02-2014,6000.899902
05-02-2014,6022.399902
06-02-2014,6036.299805
07-02-2014,6063.200195
10-02-2014,6053.450195
11-02-2014,6062.700195
12-02-2014,6084
13-02-2014,6001.100098
14-02-2014,6048.350098
17-02-2014,
18-02-2014,6127.100098
19-02-2014,6152.75
20-02-2014,6091.450195
21-02-2014,6155.450195
24-02-2014,6186.100098
25-02-2014,6200.049805
26-02-2014,6238.799805
28-02-2014,6276.950195
03-03-2014,6221.450195
04-03-2014,6297.950195
05-03-2014,6328.649902
06-03-2014,6401.149902
07-03-2014,6526.649902
10-03-2014,6537.25
11-03-2014,6511.899902
12-03-2014,6516.899902
13-03-2014,6493.100098
14-03-2014,6504.200195
18-03-2014,6516.649902
19-03-2014,6524.049805
20-03-2014,6483.100098
21-03-2014,6493.200195
22-03-2014,
24-03-2014,6583.5
25-03-2014,6589.75
26-03-2014,6601.399902
27-03-2014,6641.75
28-03-2014,6695.899902
31-03-2014,6704.200195
01-04-2014,6721.049805
02-04-2014,6752.549805
03-04-2014,6736.100098
04-04-2014,6694.350098
07-04-2014,6695.049805
09-04-2014,6796.200195
10-04-2014,6796.399902
11-04-2014,6776.299805
15-04-2014,6733.100098
16-04-2014,6675.299805
17-04-2014,6779.399902
21-04-2014,6817.649902
22-04-2014,6815.350098
23-04-2014,6840.799805
24-04-2014,
25-04-2014,6782.75
28-04-2014,6761.25
29-04-2014,6715.25
30-04-2014,6696.399902
02-05-2014,6694.799805
05-05-2014,6699.350098
06-05-2014,6715.299805
07-05-2014,6652.549805
08-05-2014,6659.850098
09-05-2014,6858.799805
12-05-2014,7014.25
13-05-2014,7108.75
14-05-2014,7108.75
15-05-2014,7123.149902
16-05-2014,7203
19-05-2014,7263.549805
20-05-2014,7275.5
21-05-2014,7252.899902
22-05-2014,7276.399902
23-05-2014,7367.100098
26-05-2014,7359.049805
27-05-2014,7318
28-05-2014,7329.649902
29-05-2014,7235.649902
30-05-2014,7229.950195
02-06-2014,7362.5
03-06-2014,7415.850098
04-06-2014,7402.25
05-06-2014,7474.100098
06-06-2014,7583.399902
09-06-2014,7654.600098
10-06-2014,7656.399902
11-06-2014,7626.850098
12-06-2014,7649.899902
13-06-2014,7542.100098
16-06-2014,7533.549805
17-06-2014,7631.700195
18-06-2014,7558.200195
19-06-2014,7540.700195
20-06-2014,7511.450195
23-06-2014,7493.350098
24-06-2014,7580.200195
25-06-2014,7569.25
26-06-2014,7493.200195
27-06-2014,7508.799805
30-06-2014,7611.350098
01-07-2014,7634.700195
02-07-2014,7725.149902
03-07-2014,7714.799805
04-07-2014,7751.600098
07-07-2014,7787.149902
08-07-2014,7623.200195
09-07-2014,7585
10-07-2014,7567.75
11-07-2014,7459.600098
14-07-2014,7454.149902
15-07-2014,7526.649902
16-07-2014,7624.399902
17-07-2014,7640.450195
18-07-2014,7663.899902
21-07-2014,7684.200195
22-07-2014,7767.850098
23-07-2014,7795.75
24-07-2014,7830.600098
25-07-2014,7790.450195
28-07-2014,7748.700195
30-07-2014,7791.399902
31-07-2014,7721.299805
01-08-2014,7602.600098
04-08-2014,7683.649902
05-08-2014,7746.549805
06-08-2014,7672.049805
07-08-2014,7649.25
08-08-2014,7568.549805
11-08-2014,7625.950195
12-08-2014,7727.049805
13-08-2014,7739.549805
14-08-2014,7791.700195
18-08-2014,7874.25
19-08-2014,7897.5
20-08-2014,7875.299805
21-08-2014,7891.100098
22-08-2014,7913.200195
25-08-2014,7906.299805
26-08-2014,7904.75
27-08-2014,7936.049805
28-08-2014,7954.350098
01-09-2014,8027.700195
02-09-2014,8083.049805
03-09-2014,8114.600098
04-09-2014,8095.950195
05-09-2014,8086.850098
08-09-2014,8173.899902
09-09-2014,8152.950195
10-09-2014,8094.100098
11-09-2014,8085.700195
12-09-2014,8105.5
15-09-2014,8042
16-09-2014,7932.899902
17-09-2014,7975.5
18-09-2014,8114.75
19-09-2014,8121.450195
22-09-2014,8146.299805
23-09-2014,8017.549805
24-09-2014,8002.399902
25-09-2014,7911.850098
26-09-2014,7968.850098
29-09-2014,7958.899902
30-09-2014,7964.799805
01-10-2014,7945.549805
07-10-2014,7852.399902
08-10-2014,7842.700195
09-10-2014,7960.549805
10-10-2014,7859.950195
13-10-2014,7884.25
14-10-2014,7864
15-10-2014,
16-10-2014,7748.200195
17-10-2014,7779.700195
20-10-2014,7879.399902
21-10-2014,7927.75
22-10-2014,7995.899902
27-10-2014,7991.700195
28-10-2014,8027.600098
29-10-2014,8090.450195
30-10-2014,8169.200195
31-10-2014,8322.200195
03-11-2014,8324.150391
05-11-2014,8338.299805
07-11-2014,8337
10-11-2014,8344.25
11-11-2014,8362.650391
12-11-2014,8383.299805
13-11-2014,8357.849609
14-11-2014,8389.900391
17-11-2014,8430.75
18-11-2014,8425.900391
19-11-2014,8382.299805
20-11-2014,8401.900391
21-11-2014,8477.349609
24-11-2014,8530.150391
25-11-2014,8463.099609
26-11-2014,8475.75
27-11-2014,8494.200195
28-11-2014,8588.25
01-12-2014,8555.900391
02-12-2014,8524.700195
03-12-2014,8537.650391
04-12-2014,8564.400391
05-12-2014,8538.299805
08-12-2014,8438.25
09-12-2014,8340.700195
10-12-2014,8355.650391
11-12-2014,8292.900391
12-12-2014,8224.099609
15-12-2014,8219.599609
16-12-2014,8067.600098
17-12-2014,8029.799805
18-12-2014,8159.299805
19-12-2014,8225.200195
22-12-2014,8324
23-12-2014,8267
24-12-2014,8174.100098
26-12-2014,8200.700195
29-12-2014,8246.299805
30-12-2014,8248.25
02-01-2015,8395.450195
05-01-2015,8378.400391
06-01-2015,8127.350098
07-01-2015,8102.100098
08-01-2015,8234.599609
09-01-2015,8284.5
12-01-2015,8323
13-01-2015,8299.400391
14-01-2015,8277.549805
15-01-2015,8494.150391
16-01-2015,8513.799805
19-01-2015,8550.700195
20-01-2015,8695.599609
21-01-2015,8729.5
22-01-2015,8761.400391
23-01-2015,8835.599609
27-01-2015,8910.5
28-01-2015,8914.299805
29-01-2015,8952.349609
30-01-2015,8808.900391
02-02-2015,8797.400391
03-02-2015,8756.549805
04-02-2015,8723.700195
05-02-2015,8711.700195
06-02-2015,8661.049805
09-02-2015,8526.349609
10-02-2015,8565.549805
11-02-2015,8627.400391
12-02-2015,8711.549805
13-02-2015,8805.5
16-02-2015,8809.349609
18-02-2015,8869.099609
19-02-2015,8895.299805
20-02-2015,8833.599609
23-02-2015,8754.950195
24-02-2015,8762.099609
25-02-2015,8767.25
26-02-2015,8683.849609
27-02-2015,8844.599609
28-02-2015,
02-03-2015,8956.75
03-03-2015,8996.25
04-03-2015,8922.650391
05-03-2015,8937.75
09-03-2015,8756.75
10-03-2015,8712.049805
11-03-2015,8699.950195
12-03-2015,8776
13-03-2015,8647.75
16-03-2015,8633.150391
17-03-2015,8723.299805
18-03-2015,8685.900391
19-03-2015,8634.650391
20-03-2015,8570.900391
23-03-2015,8550.900391
24-03-2015,8542.950195
25-03-2015,8530.799805
26-03-2015,8342.150391
27-03-2015,8341.400391
30-03-2015,8492.299805
31-03-2015,8491
01-04-2015,8586.25
06-04-2015,8659.900391
07-04-2015,8660.299805
08-04-2015,8714.400391
09-04-2015,8778.299805
10-04-2015,8780.349609
13-04-2015,8834
15-04-2015,
16-04-2015,8706.700195
17-04-2015,8606
20-04-2015,8448.099609
21-04-2015,8377.75
22-04-2015,8429.700195
23-04-2015,8398.299805
24-04-2015,8305.25
27-04-2015,8213.799805
28-04-2015,8285.599609
29-04-2015,8239.75
30-04-2015,8181.5
04-05-2015,8331.950195
05-05-2015,8324.799805
06-05-2015,8097
07-05-2015,8057.299805
08-05-2015,8191.5
11-05-2015,8325.25
12-05-2015,8126.950195
13-05-2015,8235.450195
14-05-2015,8224.200195
15-05-2015,8262.349609
18-05-2015,8373.650391
19-05-2015,8365.650391
20-05-2015,8423.25
21-05-2015,8421
22-05-2015,8458.950195
25-05-2015,8370.25
26-05-2015,8339.349609
27-05-2015,8334.599609
28-05-2015,8319
29-05-2015,8433.650391
01-06-2015,8433.400391
02-06-2015,8236.450195
03-06-2015,8135.100098
04-06-2015,8130.649902
05-06-2015,8114.700195
08-06-2015,8044.149902
09-06-2015,8022.399902
10-06-2015,8124.450195
11-06-2015,7965.350098
12-06-2015,7982.899902
15-06-2015,8013.899902
16-06-2015,8047.299805
17-06-2015,8091.549805
18-06-2015,8174.600098
19-06-2015,8224.950195
22-06-2015,8353.099609
23-06-2015,8381.549805
24-06-2015,8360.849609
25-06-2015,8398
26-06-2015,8381.099609
29-06-2015,8318.400391
30-06-2015,8368.5
01-07-2015,8453.049805
02-07-2015,8444.900391
03-07-2015,8484.900391
06-07-2015,8522.150391
07-07-2015,8510.799805
08-07-2015,8363.049805
09-07-2015,8328.549805
10-07-2015,8360.549805
13-07-2015,8459.650391
14-07-2015,8454.099609
15-07-2015,8523.799805
16-07-2015,8608.049805
17-07-2015,8609.849609
20-07-2015,8603.450195
21-07-2015,8529.450195
22-07-2015,8633.5
23-07-2015,8589.799805
24-07-2015,8521.549805
27-07-2015,8361
28-07-2015,8337
29-07-2015,8375.049805
30-07-2015,8421.799805
31-07-2015,8532.849609
03-08-2015,8543.049805
04-08-2015,8516.900391
05-08-2015,8567.950195
06-08-2015,8588.650391
07-08-2015,8564.599609
10-08-2015,8525.599609
11-08-2015,8462.349609
12-08-2015,8349.450195
13-08-2015,8355.849609
14-08-2015,8518.549805
17-08-2015,8477.299805
18-08-2015,8466.549805
19-08-2015,8495.150391
20-08-2015,8372.75
21-08-2015,8299.950195
24-08-2015,7809
25-08-2015,7880.700195
26-08-2015,7791.850098
27-08-2015,7948.950195
28-08-2015,8001.950195
31-08-2015,7971.299805
01-09-2015,7785.850098
02-09-2015,7717
03-09-2015,7823
04-09-2015,7655.049805
07-09-2015,7558.799805
08-09-2015,7688.25
09-09-2015,7818.600098
10-09-2015,7788.100098
11-09-2015,7789.299805
14-09-2015,7872.25
15-09-2015,7829.100098
16-09-2015,7899.149902
18-09-2015,7981.899902
21-09-2015,7977.100098
22-09-2015,7812
23-09-2015,7845.950195
24-09-2015,7868.5
28-09-2015,7795.700195
29-09-2015,7843.299805
30-09-2015,7948.899902
01-10-2015,7950.899902
05-10-2015,8119.299805
06-10-2015,8152.899902
07-10-2015,8177.399902
08-10-2015,8129.350098
09-10-2015,8189.700195
12-10-2015,8143.600098
13-10-2015,8131.700195
14-10-2015,8107.899902
15-10-2015,8179.5
16-10-2015,8238.150391
19-10-2015,8275.049805
20-10-2015,8261.650391
21-10-2015,8251.700195
23-10-2015,8295.450195
26-10-2015,8260.549805
27-10-2015,8232.900391
28-10-2015,8171.200195
29-10-2015,8111.75
30-10-2015,8065.799805
02-11-2015,8050.799805
03-11-2015,8060.700195
04-11-2015,8040.200195
05-11-2015,7955.450195
06-11-2015,7954.299805
09-11-2015,7915.200195
10-11-2015,7783.350098
13-11-2015,7762.25
16-11-2015,7806.600098
17-11-2015,7837.549805
18-11-2015,7731.799805
19-11-2015,7842.75
20-11-2015,7856.549805
23-11-2015,7849.25
24-11-2015,7831.600098
26-11-2015,7883.799805
27-11-2015,7942.700195
30-11-2015,7935.25
01-12-2015,7954.899902
02-12-2015,7931.350098
03-12-2015,7864.149902
04-12-2015,7781.899902
07-12-2015,7765.399902
08-12-2015,7701.700195
09-12-2015,7612.5
10-12-2015,7683.299805
11-12-2015,7610.450195
14-12-2015,7650.049805
15-12-2015,7700.899902
16-12-2015,7750.899902
17-12-2015,7844.350098
18-12-2015,7761.950195
21-12-2015,7834.450195
22-12-2015,7786.100098
23-12-2015,7865.950195
24-12-2015,7861.049805
28-12-2015,7925.149902
29-12-2015,7928.950195
30-12-2015,7896.25
01-Jan-16,7963.2
04-Jan-16,7791.3
05-Jan-16,7784.65
06-Jan-16,7741
07-Jan-16,7568.3
08-Jan-16,7601.35
11-Jan-16,7563.85
12-Jan-16,7510.3
13-Jan-16,7562.4
14-Jan-16,7536.8
15-Jan-16,7437.8
18-Jan-16,7351
19-Jan-16,7435.1
20-Jan-16,7309.3
21-Jan-16,7276.8
22-Jan-16,7422.45
25-Jan-16,7436.15
27-Jan-16,7437.75
28-Jan-16,7424.65
29-Jan-16,7563.55
01-Feb-16,7555.95
02-Feb-16,7455.55
03-Feb-16,7361.8
04-Feb-16,7404
05-Feb-16,7489.1
08-Feb-16,7387.25
09-Feb-16,7298.2
10-Feb-16,7215.7
11-Feb-16,6976.35
12-Feb-16,6980.95
15-Feb-16,7162.95
16-Feb-16,7048.25
17-Feb-16,7108.45
18-Feb-16,7191.75
19-Feb-16,7210.75
22-Feb-16,7234.55
23-Feb-16,7109.55
24-Feb-16,7018.7
25-Feb-16,6970.6
26-Feb-16,7029.75
29-Feb-16,6987.05
01-Mar-16,7222.3
02-Mar-16,7368.85
03-Mar-16,7475.6
04-Mar-16,7485.35
08-Mar-16,7485.3
09-Mar-16,7531.8
10-Mar-16,7486.15
11-Mar-16,7510.2
14-Mar-16,7538.75
15-Mar-16,7460.6
16-Mar-16,7498.75
17-Mar-16,7512.55
18-Mar-16,7604.35
21-Mar-16,7704.25
22-Mar-16,7714.9
23-Mar-16,7716.5
28-Mar-16,7615.1
29-Mar-16,7597
30-Mar-16,7735.2
31-Mar-16,7738.4
01-Apr-16,7713.05
04-Apr-16,7758.8
05-Apr-16,7603.2
06-Apr-16,7614.35
07-Apr-16,7546.45
08-Apr-16,7555.2
11-Apr-16,7671.4
12-Apr-16,7708.95
13-Apr-16,7850.45
18-Apr-16,7914.7
20-Apr-16,7914.75
21-Apr-16,7912.05
22-Apr-16,7899.3
25-Apr-16,7855.05
26-Apr-16,7962.65
27-Apr-16,7979.9
28-Apr-16,7847.25
29-Apr-16,7849.8
02-May-16,7805.9
03-May-16,7747
04-May-16,7706.55
05-May-16,7735.5
06-May-16,7733.45
09-May-16,7866.05
10-May-16,7887.8
11-May-16,7848.85
12-May-16,7900.4
13-May-16,7814.9
16-May-16,7860.75
17-May-16,7890.75
18-May-16,7870.15
19-May-16,7783.4
20-May-16,7749.7
23-May-16,7731.05
24-May-16,7748.85
25-May-16,7934.9
26-May-16,8069.65
27-May-16,8156.65
30-May-16,8178.5
31-May-16,8160.1
01-Jun-16,8179.95
02-Jun-16,8218.95
03-Jun-16,8220.8
06-Jun-16,8201.05
07-Jun-16,8266.45
08-Jun-16,8273.05
09-Jun-16,8203.6
10-Jun-16,8170.05
13-Jun-16,8110.6
14-Jun-16,8108.85
15-Jun-16,8206.6
16-Jun-16,8140.75
17-Jun-16,8170.2
20-Jun-16,8238.5
21-Jun-16,8219.9
22-Jun-16,8203.7
23-Jun-16,8270.45
24-Jun-16,8088.6
27-Jun-16,8094.7
28-Jun-16,8127.85
29-Jun-16,8204
30-Jun-16,8287.75
01-Jul-16,8328.35
04-Jul-16,8370.7
05-Jul-16,8335.95
07-Jul-16,8337.9
08-Jul-16,8323.2
11-Jul-16,8467.9
12-Jul-16,8521.05
13-Jul-16,8519.5
14-Jul-16,8565
15-Jul-16,8541.4
18-Jul-16,8508.7
19-Jul-16,8528.55
20-Jul-16,8565.85
21-Jul-16,8510.1
22-Jul-16,8541.2
25-Jul-16,8635.65
26-Jul-16,8590.65
27-Jul-16,8615.8
28-Jul-16,8666.3
29-Jul-16,8638.5
01-Aug-16,8636.55
02-Aug-16,8622.9
03-Aug-16,8544.85
04-Aug-16,8551.1
05-Aug-16,8683.15
08-Aug-16,8711.35
09-Aug-16,8678.25
10-Aug-16,8575.3
11-Aug-16,8592.15
12-Aug-16,8672.15
16-Aug-16,8642.55
17-Aug-16,8624.05
18-Aug-16,8673.25
19-Aug-16,8666.9
22-Aug-16,8629.15
23-Aug-16,8632.6
24-Aug-16,8650.3
25-Aug-16,8592.2
26-Aug-16,8572.55
29-Aug-16,8607.45
30-Aug-16,8744.35
31-Aug-16,8786.2
01-Sep-16,8774.65
02-Sep-16,8809.65
06-Sep-16,8943
07-Sep-16,8917.95
08-Sep-16,8952.5
09-Sep-16,8866.7
12-Sep-16,8715.6
14-Sep-16,8726.6
15-Sep-16,8742.55
16-Sep-16,8779.85
19-Sep-16,8808.4
20-Sep-16,8775.9
21-Sep-16,8777.15
22-Sep-16,8867.45
23-Sep-16,8831.55
26-Sep-16,8723.05
27-Sep-16,8706.4
28-Sep-16,8745.15
29-Sep-16,8591.25
30-Sep-16,8611.15
03-Oct-16,8738.1
04-Oct-16,8769.15
05-Oct-16,8743.95
06-Oct-16,8709.55
07-Oct-16,8697.6
10-Oct-16,8708.8
13-Oct-16,8573.35
14-Oct-16,8583.4
17-Oct-16,8520.4
18-Oct-16,8677.9
19-Oct-16,8659.1
20-Oct-16,8699.4
21-Oct-16,8693.05
24-Oct-16,8708.95
25-Oct-16,8691.3
26-Oct-16,8615.25
27-Oct-16,8615.25
28-Oct-16,8638
30-Oct-16,8625.7
01-Nov-16,8626.25
02-Nov-16,8514
03-Nov-16,8484.95
04-Nov-16,8433.75
07-Nov-16,8497.05
08-Nov-16,8543.55
09-Nov-16,8432
10-Nov-16,8525.75
11-Nov-16,8296.3
15-Nov-16,8108.45
16-Nov-16,8111.6
17-Nov-16,8079.95
18-Nov-16,8074.1
21-Nov-16,7929.1
22-Nov-16,8002.3
23-Nov-16,8033.3
24-Nov-16,7965.5
25-Nov-16,8114.3
28-Nov-16,8126.9
29-Nov-16,8142.15
30-Nov-16,8224.5
01-Dec-16,8192.9
02-Dec-16,8086.8
05-Dec-16,8128.75
06-Dec-16,8143.15
07-Dec-16,8102.05
08-Dec-16,8246.85
09-Dec-16,8261.75
12-Dec-16,8170.8
13-Dec-16,8221.8
14-Dec-16,8182.45
15-Dec-16,8153.6
16-Dec-16,8139.45
19-Dec-16,8104.35
20-Dec-16,8082.4
21-Dec-16,8061.3
22-Dec-16,7979.1
23-Dec-16,7985.75
26-Dec-16,7908.25
27-Dec-16,8032.85
28-Dec-16,8034.85
29-Dec-16,8103.6
30-Dec-16,8185.8
02-Jan-17,8179.5
03-Jan-17,8192.25
04-Jan-17,8190.5
05-Jan-17,8273.8
06-Jan-17,8243.8
09-Jan-17,8236.05
10-Jan-17,8288.6
11-Jan-17,8380.65
12-Jan-17,8407.2
13-Jan-17,8400.35
16-Jan-17,8412.8
17-Jan-17,8398
18-Jan-17,8417
19-Jan-17,8435.1
20-Jan-17,8349.35
23-Jan-17,8391.5
24-Jan-17,8475.8
25-Jan-17,8602.75
27-Jan-17,8641.25
30-Jan-17,8632.75
31-Jan-17,8561.3
01-Feb-17,8716.4
02-Feb-17,8734.25
03-Feb-17,8740.95
06-Feb-17,8801.05
07-Feb-17,8768.3
08-Feb-17,8769.05
09-Feb-17,8778.4
10-Feb-17,8793.55
13-Feb-17,8805.05
14-Feb-17,8792.3
15-Feb-17,8724.7
16-Feb-17,8778
17-Feb-17,8821.7
20-Feb-17,8879.2
21-Feb-17,8907.85
22-Feb-17,8926.9
23-Feb-17,8939.5
27-Feb-17,8896.7
28-Feb-17,8879.6
01-Mar-17,8945.8
02-Mar-17,8899.75
03-Mar-17,8897.55
06-Mar-17,8963.45
07-Mar-17,8946.9
08-Mar-17,8924.3
09-Mar-17,8927
10-Mar-17,8934.55
14-Mar-17,9087
15-Mar-17,9084.8
16-Mar-17,9153.7
17-Mar-17,9160.05
20-Mar-17,9126.85
21-Mar-17,9121.5
22-Mar-17,9030.45
23-Mar-17,9086.3
24-Mar-17,9108
27-Mar-17,9045.2
28-Mar-17,9100.8
29-Mar-17,9143.8
30-Mar-17,9173.75
31-Mar-17,9173.75
03-Apr-17,9237.85
05-Apr-17,9265.15
06-Apr-17,9261.95
07-Apr-17,9198.3
10-Apr-17,9181.45
11-Apr-17,9237
12-Apr-17,9203.45
13-Apr-17,9150.8
17-Apr-17,9139.3
18-Apr-17,9105.15
19-Apr-17,9103.5
20-Apr-17,9136.4
21-Apr-17,9119.4
24-Apr-17,9217.95
25-Apr-17,9306.6
26-Apr-17,9351.85
27-Apr-17,9342.15
28-Apr-17,9304.05
02-May-17,9313.8
03-May-17,9311.95
04-May-17,9359.9
05-May-17,9285.3
08-May-17,9314.05
09-May-17,9316.85
10-May-17,9407.3
11-May-17,9422.4
12-May-17,9400.9
15-May-17,9445.4
16-May-17,9512.25
17-May-17,9525.75
18-May-17,9429.45
19-May-17,9427.9
22-May-17,9438.25
23-May-17,9386.15
24-May-17,9360.55
25-May-17,9509.75
26-May-17,9595.1
29-May-17,9604.9
30-May-17,9624.55
31-May-17,9621.25
01-Jun-17,9616.1
02-Jun-17,9653.5
05-Jun-17,9675.1
06-Jun-17,9637.15
07-Jun-17,9663.9
08-Jun-17,9647.25
09-Jun-17,9668.25
12-Jun-17,9616.4
13-Jun-17,9606.9
14-Jun-17,9618.15
15-Jun-17,9578.05
16-Jun-17,9588.05
19-Jun-17,9657.55
20-Jun-17,9653.5
21-Jun-17,9633.6
22-Jun-17,9630
23-Jun-17,9574.95
27-Jun-17,9511.4
28-Jun-17,9491.25
29-Jun-17,9504.1
30-Jun-17,9520.9
03-Jul-17,9615
04-Jul-17,9613.3
05-Jul-17,9637.6
06-Jul-17,9674.55
07-Jul-17,9665.8
10-Jul-17,9771.05
11-Jul-17,9786.05
12-Jul-17,9816.1
13-Jul-17,9891.7
14-Jul-17,9886.35
17-Jul-17,9915.95
18-Jul-17,9827.15
19-Jul-17,9899.6
20-Jul-17,9873.3
21-Jul-17,9915.25
24-Jul-17,9966.4
25-Jul-17,9964.55
26-Jul-17,10020.65
27-Jul-17,10020.55
28-Jul-17,10014.5
31-Jul-17,10077.1
01-Aug-17,10114.65
02-Aug-17,10081.5
03-Aug-17,10013.65
04-Aug-17,10066.4
07-Aug-17,10057.4
08-Aug-17,9978.55
09-Aug-17,9908.05
10-Aug-17,9820.25
11-Aug-17,9710.8
14-Aug-17,9794.15
16-Aug-17,9897.3
17-Aug-17,9904.15
18-Aug-17,9837.4
21-Aug-17,9754.35
22-Aug-17,9765.55
23-Aug-17,9852.5
24-Aug-17,9857.05
28-Aug-17,9912.8
29-Aug-17,9796.05
30-Aug-17,9884.4
31-Aug-17,9917.9
01-Sep-17,9974.4
04-Sep-17,9912.85
05-Sep-17,9952.2
06-Sep-17,9916.2
07-Sep-17,9929.9
08-Sep-17,9934.8
11-Sep-17,10006.05
12-Sep-17,10093.05
13-Sep-17,10079.3
14-Sep-17,10086.6
15-Sep-17,10085.4
18-Sep-17,10153.1
19-Sep-17,10147.55
20-Sep-17,10141.15
21-Sep-17,10121.9
22-Sep-17,9964.4
25-Sep-17,9872.6
26-Sep-17,9871.5
27-Sep-17,9735.75
28-Sep-17,9768.95
29-Sep-17,9788.6
03-Oct-17,9859.5
04-Oct-17,9914.9
05-Oct-17,9888.7
06-Oct-17,9979.7
09-Oct-17,9988.75
10-Oct-17,10016.95
11-Oct-17,9984.8
12-Oct-17,10096.4
13-Oct-17,10167.45
16-Oct-17,10230.85
17-Oct-17,10234.45
18-Oct-17,10210.85
19-Oct-17,10146.55
23-Oct-17,10184.85
24-Oct-17,10207.7
25-Oct-17,10295.35
26-Oct-17,10343.8
27-Oct-17,10323.05
30-Oct-17,10363.65
31-Oct-17,10335.3
01-Nov-17,10440.5
02-Nov-17,10423.8
03-Nov-17,10452.5
06-Nov-17,10451.8
07-Nov-17,10350.15
08-Nov-17,10303.15
09-Nov-17,10308.95
10-Nov-17,10321.75
13-Nov-17,10224.95
14-Nov-17,10186.6
15-Nov-17,10118.05
16-Nov-17,10214.75
17-Nov-17,10283.6
20-Nov-17,10298.75
21-Nov-17,10326.9
22-Nov-17,10342.3
23-Nov-17,10348.75
24-Nov-17,10389.7
27-Nov-17,10399.55
28-Nov-17,10370.25
29-Nov-17,10361.3
30-Nov-17,10226.55
01-Dec-17,10121.8
04-Dec-17,10127.75
05-Dec-17,10118.25
06-Dec-17,10044.1
07-Dec-17,10166.7
08-Dec-17,10265.65
11-Dec-17,10322.25
12-Dec-17,10240.15
13-Dec-17,10192.95
14-Dec-17,10252.1
15-Dec-17,10333.25
18-Dec-17,10388.75
19-Dec-17,10463.2
20-Dec-17,10444.2
21-Dec-17,10440.3
22-Dec-17,10493
26-Dec-17,10531.5
27-Dec-17,10490.75
28-Dec-17,10477.9
29-Dec-17,10530.7
01-Jan-18,10435.55
02-Jan-18,10442.2
03-Jan-18,10443.2
04-Jan-18,10504.8
05-Jan-18,10558.85
08-Jan-18,10623.6
09-Jan-18,10637
10-Jan-18,10632.2
11-Jan-18,10651.2
12-Jan-18,10681.25
15-Jan-18,10741.55
16-Jan-18,10700.45
17-Jan-18,10788.55
18-Jan-18,10817
19-Jan-18,10894.7
22-Jan-18,10966.2
23-Jan-18,11083.7
24-Jan-18,11086
25-Jan-18,11069.65
29-Jan-18,11130.4
30-Jan-18,11049.65
31-Jan-18,11027.7
01-Feb-18,11016.9
02-Feb-18,10760.6
05-Feb-18,10666.55
06-Feb-18,10498.25
07-Feb-18,10476.7
08-Feb-18,10576.85
09-Feb-18,10454.95
12-Feb-18,10539.75
14-Feb-18,10500.9
15-Feb-18,10545.5
16-Feb-18,10452.3
19-Feb-18,10378.4
20-Feb-18,10360.4
21-Feb-18,10397.45
22-Feb-18,10382.7
23-Feb-18,10491.05
26-Feb-18,10582.6
27-Feb-18,10554.3
28-Feb-18,10492.85
01-Mar-18,10458.35
05-Mar-18,10358.85
06-Mar-18,10249.25
07-Mar-18,10154.2
08-Mar-18,10242.65
09-Mar-18,10226.85
12-Mar-18,10421.4
13-Mar-18,10426.85
14-Mar-18,10410.9
15-Mar-18,10360.15
16-Mar-18,10195.15
19-Mar-18,10094.25
20-Mar-18,10124.35
21-Mar-18,10155.25
22-Mar-18,10114.75
23-Mar-18,9998.05
26-Mar-18,10130.65
27-Mar-18,10184.15
28-Mar-18,10113.7
02-Apr-18,10211.8
03-Apr-18,10245
04-Apr-18,10128.4
05-Apr-18,10325.15
06-Apr-18,10331.6
09-Apr-18,10379.35
10-Apr-18,10402.25
11-Apr-18,10417.15
12-Apr-18,10458.65
13-Apr-18,10480.6
16-Apr-18,10528.35
17-Apr-18,10548.7
18-Apr-18,10526.2
19-Apr-18,10565.3
20-Apr-18,10564.05
23-Apr-18,10584.7
24-Apr-18,10614.35
25-Apr-18,10570.55
26-Apr-18,10617.8
27-Apr-18,10692.3
30-Apr-18,10739.35
02-May-18,10718.05
03-May-18,10679.65
04-May-18,10618.25
07-May-18,10715.5
08-May-18,10717.8
09-May-18,10741.7
10-May-18,10716.55
11-May-18,10806.5
14-May-18,10806.6
15-May-18,10801.85
16-May-18,10741.1
17-May-18,10682.7
18-May-18,10596.4
21-May-18,10516.7
22-May-18,10536.7
23-May-18,10430.35
24-May-18,10513.85
25-May-18,10605.15
28-May-18,10688.65
29-May-18,10633.3
30-May-18,10614.35
31-May-18,10736.15
01-Jun-18,10696.2
04-Jun-18,10628.5
05-Jun-18,10593.15
06-Jun-18,10684.65
07-Jun-18,10768.35
08-Jun-18,10767.65
11-Jun-18,10786.95
12-Jun-18,10842.85
13-Jun-18,10856.7
14-Jun-18,10808.05
15-Jun-18,10817.7
18-Jun-18,10799.85
19-Jun-18,10710.45
20-Jun-18,10772.05
21-Jun-18,10741.1
22-Jun-18,10821.85
25-Jun-18,10762.45
26-Jun-18,10769.15
27-Jun-18,10671.4
28-Jun-18,10589.1
29-Jun-18,10714.3
02-Jul-18,10657.3
03-Jul-18,10699.9
04-Jul-18,10769.9
05-Jul-18,10749.75
06-Jul-18,10772.65
09-Jul-18,10852.9
10-Jul-18,10947.25
11-Jul-18,10948.3
12-Jul-18,11023.2
13-Jul-18,11018.9
16-Jul-18,10936.85
17-Jul-18,11008.05
18-Jul-18,10980.45
19-Jul-18,10957.1
20-Jul-18,11010.2
23-Jul-18,11084.75
24-Jul-18,11134.3
25-Jul-18,11132
26-Jul-18,11167.3
27-Jul-18,11278.35
30-Jul-18,11319.55
31-Jul-18,11356.5
01-Aug-18,11346.2
02-Aug-18,11244.7
03-Aug-18,11360.8
06-Aug-18,11387.1
07-Aug-18,11389.45
08-Aug-18,11450
09-Aug-18,11470.7
10-Aug-18,11429.5
13-Aug-18,11355.75
14-Aug-18,11435.1
16-Aug-18,11385.05
17-Aug-18,11470.75
20-Aug-18,11551.75
21-Aug-18,11570.9
23-Aug-18,11582.75
24-Aug-18,11557.1
27-Aug-18,11691.95
28-Aug-18,11738.5
29-Aug-18,11691.9
30-Aug-18,11676.8
31-Aug-18,11680.5
03-Sep-18,11582.35
04-Sep-18,11520.3
05-Sep-18,11476.95
06-Sep-18,11536.9
07-Sep-18,11589.1
10-Sep-18,11438.1
11-Sep-18,11287.5
12-Sep-18,11369.9
14-Sep-18,11515.2
17-Sep-18,11377.75
18-Sep-18,11278.9
19-Sep-18,11234.35
21-Sep-18,11143.1
24-Sep-18,10967.4
25-Sep-18,11067.45
26-Sep-18,11053.8
27-Sep-18,10977.55
28-Sep-18,10930.45
01-Oct-18,11008.3
03-Oct-18,10858.25
04-Oct-18,10599.25
05-Oct-18,10316.45
08-Oct-18,10348.05
09-Oct-18,10301.05
10-Oct-18,10460.1
11-Oct-18,10234.65
12-Oct-18,10472.5
15-Oct-18,10512.5
16-Oct-18,10584.75
17-Oct-18,10453.05
19-Oct-18,10303.55
22-Oct-18,10245.25
23-Oct-18,10146.8
24-Oct-18,10224.75
25-Oct-18,10124.9
26-Oct-18,10030
29-Oct-18,10250.85
30-Oct-18,10198.4
31-Oct-18,10386.6
01-Nov-18,10380.45
02-Nov-18,10553
05-Nov-18,10524
06-Nov-18,10530
07-Nov-18,10598.4
09-Nov-18,10585.2
12-Nov-18,10482.2
13-Nov-18,10582.5
14-Nov-18,10576.3
15-Nov-18,10616.7
16-Nov-18,10682.2
19-Nov-18,10763.4
20-Nov-18,10656.2
21-Nov-18,10600.05
22-Nov-18,10526.75
26-Nov-18,10628.6
27-Nov-18,10685.6
28-Nov-18,10728.85
29-Nov-18,10858.7
30-Nov-18,10876.75
03-Dec-18,10883.75
04-Dec-18,10869.5
05-Dec-18,10782.9
06-Dec-18,10601.15
07-Dec-18,10693.7
10-Dec-18,10488.45
11-Dec-18,10549.15
12-Dec-18,10737.6
13-Dec-18,10791.55
14-Dec-18,10805.45
17-Dec-18,10888.35
18-Dec-18,10908.7
19-Dec-18,10967.3
20-Dec-18,10951.7
21-Dec-18,10754
24-Dec-18,10663.5
26-Dec-18,10729.85
27-Dec-18,10779.8
28-Dec-18,10859.9
31-Dec-18,10862.55
01-Jan-19,10910.1
02-Jan-19,10792.5
03-Jan-19,10672.25
04-Jan-19,10727.35
07-Jan-19,10771.8
08-Jan-19,10802.15
09-Jan-19,10855.15
10-Jan-19,10821.6
11-Jan-19,10794.95
14-Jan-19,10737.6
15-Jan-19,10886.8
16-Jan-19,10890.3
17-Jan-19,10905.2
18-Jan-19,10906.95
21-Jan-19,10961.85
22-Jan-19,10922.75
23-Jan-19,10831.5
24-Jan-19,10849.8
25-Jan-19,10780.55
28-Jan-19,10661.55
29-Jan-19,10652.2
30-Jan-19,10651.8
31-Jan-19,10830.95
01-Feb-19,10893.65
04-Feb-19,10912.25
05-Feb-19,10934.35
06-Feb-19,11062.45
07-Feb-19,11069.4
08-Feb-19,10943.6
11-Feb-19,10888.8
12-Feb-19,10831.4
13-Feb-19,10793.65
14-Feb-19,10746.05
15-Feb-19,10724.4
18-Feb-19,10640.95
19-Feb-19,10604.35
20-Feb-19,10735.45
21-Feb-19,10789.85
22-Feb-19,10791.65
25-Feb-19,10880.1
26-Feb-19,10835.3
27-Feb-19,10806.65
28-Feb-19,10792.5
01-Mar-19,10863.5
05-Mar-19,10987.45
06-Mar-19,11053
07-Mar-19,11058.2
08-Mar-19,11035.4
11-Mar-19,11168.05
12-Mar-19,11301.2
13-Mar-19,11341.7
14-Mar-19,11343.25
15-Mar-19,11426.85
18-Mar-19,11462.2
19-Mar-19,11532.4
20-Mar-19,11521.05
22-Mar-19,11456.9
25-Mar-19,11354.25
26-Mar-19,11483.25
27-Mar-19,11445.05
28-Mar-19,11570
29-Mar-19,11623.9
01-Apr-19,11669.15
02-Apr-19,11713.2
03-Apr-19,11643.95
04-Apr-19,11598
05-Apr-19,11665.95
08-Apr-19,11604.5
09-Apr-19,11671.95
10-Apr-19,11584.3
11-Apr-19,11596.7
12-Apr-19,11643.45
15-Apr-19,11690.35
16-Apr-19,11787.15
18-Apr-19,11752.8
22-Apr-19,11594.45
23-Apr-19,11575.95
24-Apr-19,11726.15
25-Apr-19,11641.8
26-Apr-19,11754.65
30-Apr-19,11748.15
02-May-19,11724.75
03-May-19,11712.25
06-May-19,11598.25
07-May-19,11497.9
08-May-19,11359.45
09-May-19,11301.8
10-May-19,11278.9
13-May-19,11148.2
14-May-19,11222.05
15-May-19,11157
16-May-19,11257.1
17-May-19,11407.15
20-May-19,11828.25
21-May-19,11709.1
22-May-19,11737.9
23-May-19,11657.05
24-May-19,11844.1
27-May-19,11924.75
28-May-19,11928.75
29-May-19,11861.1
30-May-19,11945.9
31-May-19,11922.8
03-Jun-19,12088.55
04-Jun-19,12021.65
06-Jun-19,11843.75
07-Jun-19,11870.65
10-Jun-19,11922.7
11-Jun-19,11965.6
12-Jun-19,11906.2
13-Jun-19,11914.05
14-Jun-19,11823.3
17-Jun-19,11672.15
18-Jun-19,11691.5
19-Jun-19,11691.45
20-Jun-19,11831.75
21-Jun-19,11724.1
24-Jun-19,11699.65
25-Jun-19,11796.45
26-Jun-19,11847.55
27-Jun-19,11841.55
28-Jun-19,11788.85
01-Jul-19,11865.6
02-Jul-19,11910.3
03-Jul-19,11916.75
04-Jul-19,11946.75
05-Jul-19,11811.15
08-Jul-19,11558.6
09-Jul-19,11555.9
10-Jul-19,11498.9
11-Jul-19,11582.9
12-Jul-19,11552.5
15-Jul-19,11588.35
16-Jul-19,11662.6
17-Jul-19,11687.5
18-Jul-19,11596.9
19-Jul-19,11419.25
22-Jul-19,11346.2
23-Jul-19,11331.05
24-Jul-19,11271.3
25-Jul-19,11252.15
26-Jul-19,11284.3
29-Jul-19,11189.2
30-Jul-19,11085.4
31-Jul-19,11118
01-Aug-19,10980
02-Aug-19,10997.35
05-Aug-19,10862.6
06-Aug-19,10948.25
07-Aug-19,10855.5
08-Aug-19,11032.45
09-Aug-19,11109.65
13-Aug-19,10925.85
14-Aug-19,11029.4
16-Aug-19,11047.8
19-Aug-19,11053.9
20-Aug-19,11017
21-Aug-19,10918.7
22-Aug-19,10741.35
23-Aug-19,10829.35
26-Aug-19,11057.85
27-Aug-19,11105.35
28-Aug-19,11046.1
29-Aug-19,10948.3
30-Aug-19,11023.25
03-Sep-19,10797.9
04-Sep-19,10844.65
05-Sep-19,10847.9
06-Sep-19,10946.2
09-Sep-19,11003.05
11-Sep-19,11035.7
12-Sep-19,10982.8
13-Sep-19,11075.9
16-Sep-19,11003.5
17-Sep-19,10817.6
18-Sep-19,10840.65
19-Sep-19,10704.8
20-Sep-19,11274.2
23-Sep-19,11600.2
24-Sep-19,11588.2
25-Sep-19,11440.2
26-Sep-19,11571.2
27-Sep-19,11512.4
30-Sep-19,11474.45
01-Oct-19,11359.9
03-Oct-19,11314
04-Oct-19,11174.75
07-Oct-19,11126.4
09-Oct-19,11313.3
10-Oct-19,11234.55
11-Oct-19,11305.05
14-Oct-19,11341.15
15-Oct-19,11428.3
16-Oct-19,11464
17-Oct-19,11586.35
18-Oct-19,11661.85
22-Oct-19,11588.35
23-Oct-19,11604.1
24-Oct-19,11582.6
25-Oct-19,11583.9
27-Oct-19,11627.15
29-Oct-19,11786.85
30-Oct-19,11844.1
31-Oct-19,11877.45
01-Nov-19,11890.6
04-Nov-19,11941.3
05-Nov-19,11917.2
06-Nov-19,11966.05
07-Nov-19,12012.05
08-Nov-19,11908.15
11-Nov-19,11913.45
13-Nov-19,11840.45
14-Nov-19,11872.1
15-Nov-19,11895.45
18-Nov-19,11884.5
19-Nov-19,11940.1
20-Nov-19,11999.1
21-Nov-19,11968.4
22-Nov-19,11914.4
25-Nov-19,12073.75
26-Nov-19,12037.7
27-Nov-19,12100.7
28-Nov-19,12151.15
29-Nov-19,12056.05
02-Dec-19,12048.2
03-Dec-19,11994.2
04-Dec-19,12043.2
05-Dec-19,12018.4
06-Dec-19,11921.5
09-Dec-19,11937.5
10-Dec-19,11856.8
11-Dec-19,11910.15
12-Dec-19,11971.8
13-Dec-19,12086.7
16-Dec-19,12053.95
17-Dec-19,12165
18-Dec-19,12221.65
19-Dec-19,12259.7
20-Dec-19,12271.8
23-Dec-19,12262.75
24-Dec-19,12214.55
26-Dec-19,12126.55
27-Dec-19,12245.8
30-Dec-19,12255.85
31-Dec-19,12168.45
01-Jan-20,12182.5
02-Jan-20,12282.2
03-Jan-20,12226.65
06-Jan-20,11993.05
07-Jan-20,12052.95
08-Jan-20,12025.35
09-Jan-20,12215.9
10-Jan-20,12256.8
13-Jan-20,12329.55
14-Jan-20,12362.3
15-Jan-20,12343.3
16-Jan-20,12355.5
17-Jan-20,12352.35
20-Jan-20,12224.55
21-Jan-20,12169.85
22-Jan-20,12106.9
23-Jan-20,12180.35
24-Jan-20,12248.25
27-Jan-20,12119
28-Jan-20,12055.8
29-Jan-20,12129.5
30-Jan-20,12035.8
31-Jan-20,11962.1
01-Feb-20,11661.85
03-Feb-20,11707.9
04-Feb-20,11979.65
05-Feb-20,12089.15
06-Feb-20,12137.95
07-Feb-20,12098.35
10-Feb-20,12031.5
11-Feb-20,12107.9
12-Feb-20,12201.2
13-Feb-20,12174.65
14-Feb-20,12113.45
17-Feb-20,12045.8
18-Feb-20,11992.5
19-Feb-20,12125.9
20-Feb-20,12080.85
24-Feb-20,11829.4
25-Feb-20,11797.9
26-Feb-20,11678.5
27-Feb-20,11633.3
28-Feb-20,11201.75
02-Mar-20,11132.75
03-Mar-20,11303.3
04-Mar-20,11251
05-Mar-20,11269
06-Mar-20,10989.45
09-Mar-20,10451.45
11-Mar-20,10458.4
12-Mar-20,9590.15
13-Mar-20,9955.2
16-Mar-20,9197.4
17-Mar-20,8967.05
18-Mar-20,8468.8
19-Mar-20,8263.45
20-Mar-20,8745.45
23-Mar-20,7610.25
24-Mar-20,7801.05
25-Mar-20,8317.85
26-Mar-20,8641.45
27-Mar-20,8660.25
30-Mar-20,8281.1
31-Mar-20,8597.75
01-Apr-20,8253.8
03-Apr-20,8083.8
07-Apr-20,8792.2
08-Apr-20,8748.75
09-Apr-20,9111.9
13-Apr-20,8993.85
15-Apr-20,8925.3
16-Apr-20,8992.8
17-Apr-20,9266.75
20-Apr-20,9261.85
21-Apr-20,8981.45
22-Apr-20,9187.3
23-Apr-20,9313.9
24-Apr-20,9154.4
27-Apr-20,9282.3
28-Apr-20,9380.9
29-Apr-20,9553.35
30-Apr-20,9859.9
04-May-20,9293.5
05-May-20,9205.6
06-May-20,9270.9
07-May-20,9199.05
08-May-20,9251.5
11-May-20,9239.2
12-May-20,9196.55
13-May-20,9383.55
14-May-20,9142.75
15-May-20,9136.85
18-May-20,8823.25
19-May-20,8879.1
20-May-20,9066.55
21-May-20,9106.25
22-May-20,9039.25
26-May-20,9029.05
27-May-20,9314.95
28-May-20,9490.1
29-May-20,9580.3
01-Jun-20,9826.15
02-Jun-20,9979.1
03-Jun-20,10061.55
04-Jun-20,10029.1
05-Jun-20,10142.15
08-Jun-20,10167.45
09-Jun-20,10046.65
10-Jun-20,10116.15
11-Jun-20,9902
12-Jun-20,9972.9
15-Jun-20,9813.7
16-Jun-20,9914
17-Jun-20,9881.15
18-Jun-20,10091.65
19-Jun-20,10244.4
22-Jun-20,10311.2
23-Jun-20,10471
24-Jun-20,10305.3
25-Jun-20,10288.9
26-Jun-20,10383
29-Jun-20,10312.4
30-Jun-20,10302.1
01-Jul-20,10430.05
02-Jul-20,10551.7
03-Jul-20,10607.35
06-Jul-20,10763.65
07-Jul-20,10799.65
08-Jul-20,10705.75
09-Jul-20,10813.45
10-Jul-20,10768.05
13-07-2020,10802.7002
14-07-2020,10607.34961
15-07-2020,10618.2002
16-07-2020,10739.9502
17-07-2020,10901.7002
20-07-2020,11022.2002
21-07-2020,11162.25
22-07-2020,11132.59961
23-07-2020,11215.4502
24-07-2020,11194.15039
27-07-2020,11131.79981
28-07-2020,11300.54981
29-07-2020,11202.84961
30-07-2020,11102.15039
31-07-2020,11073.4502
03-08-2020,10891.59961
04-08-2020,11095.25
05-08-2020,11101.65039
06-08-2020,11200.15039
07-08-2020,11214.04981
10-08-2020,11270.15039
11-08-2020,11322.5
12-08-2020,11308.40039
13-08-2020,11300.4502
14-08-2020,11178.40039
17-08-2020,11247.09961
18-08-2020,11385.34961
19-08-2020,11408.40039
20-08-2020,11312.2002
21-08-2020,11371.59961
24-08-2020,11466.4502
25-08-2020,11472.25
26-08-2020,11549.59961
27-08-2020,11559.25
28-08-2020,11647.59961
31-08-2020,11387.5
01-09-2020,11470.25
02-09-2020,11535
03-09-2020,11527.4502
04-09-2020,11333.84961
07-09-2020,11355.04981
08-09-2020,11317.34961
09-09-2020,11278
10-09-2020,11449.25
11-09-2020,11464.4502
14-09-2020,11440.04981
15-09-2020,11521.79981
16-09-2020,11604.54981
17-09-2020,11516.09961
18-09-2020,11504.9502
21-09-2020,11250.54981
22-09-2020,11153.65039
23-09-2020,11131.84961
24-09-2020,10805.54981
25-09-2020,11050.25
28-09-2020,11227.54981
29-09-2020,11222.40039
30-09-2020,11247.54981
01-10-2020,11416.9502
05-10-2020,11503.34961
06-10-2020,11662.40039
07-10-2020,11738.84961
08-10-2020,11834.59961
09-10-2020,11914.2002
12-10-2020,11930.9502
13-10-2020,11934.5
14-10-2020,11971.04981
15-10-2020,11680.34961
16-10-2020,11762.4502
19-10-2020,11873.04981
20-10-2020,11896.79981
21-10-2020,11937.65039
22-10-2020,11896.4502
23-10-2020,11930.34961
26-10-2020,11767.75
27-10-2020,11889.40039
28-10-2020,11729.59961
29-10-2020,11670.79981
30-10-2020,11642.40039
02-11-2020,11669.15039
03-11-2020,11813.5
04-11-2020,11908.5
05-11-2020,12120.29981
06-11-2020,12263.54981
09-11-2020,12461.04981
10-11-2020,12631.09961
11-11-2020,12749.15039
12-11-2020,12690.79981
13-11-2020,12719.9502
17-11-2020,12874.2002
18-11-2020,12938.25
19-11-2020,12771.7002
20-11-2020,12859.04981
23-11-2020,12926.4502
24-11-2020,13055.15039
25-11-2020,12858.40039
26-11-2020,12987
27-11-2020,12968.9502
01-12-2020,13109.04981
02-12-2020,13113.75
03-12-2020,13133.90039
04-12-2020,13258.54981
07-12-2020,13355.75
08-12-2020,13392.9502
09-12-2020,13529.09961
10-12-2020,13478.29981
11-12-2020,13513.84961
14-12-2020,13558.15039
15-12-2020,13567.84961
16-12-2020,13682.7002
17-12-2020,13740.7002
18-12-2020,13760.54981
21-12-2020,13328.40039
22-12-2020,13466.29981
23-12-2020,13601.09961
24-12-2020,13749.25
28-12-2020,13873.2002
29-12-2020,13932.59961
30-12-2020,13981.9502
01-Jan-21,14018.5
04-Jan-21,14132.9
05-Jan-21,14199.5
06-Jan-21,14146.25
07-Jan-21,14137.35
08-Jan-21,14347.25
11-Jan-21,14484.75
12-Jan-21,14563.45
13-Jan-21,14564.85
14-Jan-21,14595.6
15-Jan-21,14433.7
18-Jan-21,14281.3
19-Jan-21,14521.15
20-Jan-21,14644.7
21-Jan-21,14590.35
22-Jan-21,14371.9
25-Jan-21,14238.9
27-Jan-21,13967.5
28-Jan-21,13817.55
29-Jan-21,13634.6
01-Feb-21,14281.2
02-Feb-21,14647.85
03-Feb-21,14789.95
04-Feb-21,14895.65
05-Feb-21,14924.25
08-Feb-21,15115.8
09-Feb-21,15109.3
10-Feb-21,15106.5
11-Feb-21,15173.3
12-Feb-21,15163.3
15-Feb-21,15314.7
16-Feb-21,15313.45
17-Feb-21,15208.9
18-Feb-21,15118.95
19-Feb-21,14981.75
22-Feb-21,14675.7
23-Feb-21,14707.8
24-Feb-21,14982
25-Feb-21,15097.35
26-Feb-21,14529.15
01-Mar-21,14761.55
02-Mar-21,14919.1
03-Mar-21,15245.6
04-Mar-21,15080.75
05-Mar-21,14938.1
08-Mar-21,14956.2
09-Mar-21,15098.4
10-Mar-21,15174.8
12-Mar-21,15030.95
15-Mar-21,14929.5
16-Mar-21,14910.45
17-Mar-21,14721.3
18-Mar-21,14557.85
19-Mar-21,14744
22-Mar-21,14736.4
23-Mar-21,14814.75
24-Mar-21,14549.4
25-Mar-21,14324.9
26-Mar-21,14507.3
30-Mar-21,14845.1
31-Mar-21,14690.7
01-Apr-21,14867.35
05-Apr-21,14637.8
06-Apr-21,14683.5
07-Apr-21,14819.05
08-Apr-21,14873.8
09-Apr-21,14834.85
12-Apr-21,14310.8
13-Apr-21,14504.8
15-Apr-21,14581.45
16-Apr-21,14617.85
19-Apr-21,14359.45
20-Apr-21,14296.4
22-Apr-21,14406.15
23-Apr-21,14341.35
26-Apr-21,14485
27-Apr-21,14653.05
28-Apr-21,14864.55
29-Apr-21,14894.9
30-Apr-21,14631.1
03-May-21,14634.15
04-May-21,14496.5
05-May-21,14617.85
06-May-21,14724.8
07-May-21,14823.15
10-May-21,14942.35
11-May-21,14850.75
12-May-21,14696.5
14-May-21,14677.8
17-May-21,14923.15
18-May-21,15108.1
19-May-21,15030.15
20-May-21,14906.05
21-May-21,15175.3
24-May-21,15197.7
25-May-21,15208.45
26-May-21,15301.45
27-May-21,15337.85
28-May-21,15435.65
31-May-21,15582.8
01-Jun-21,15574.85
02-Jun-21,15576.2
03-Jun-21,15690.35
04-Jun-21,15670.25
07-Jun-21,15751.65
08-Jun-21,15740.1
09-Jun-21,15635.35
10-Jun-21,15737.75
11-Jun-21,15799.35
14-Jun-21,15811.85
15-Jun-21,15869.25
16-Jun-21,15767.55
17-Jun-21,15691.4
18-Jun-21,15683.35
21-Jun-21,15746.5
22-Jun-21,15772.75
23-Jun-21,15686.95
24-Jun-21,15790.45
25-Jun-21,15860.35
28-Jun-21,15814.7
29-Jun-21,15748.45
30-Jun-21,15721.5
01-Jul-21,15680
02-Jul-21,15722.2
05-Jul-21,15834.35
06-Jul-21,15818.25
07-Jul-21,15879.65
08-Jul-21,15727.9
09-Jul-21,15689.8
12-Jul-21,15692.6
13-Jul-21,15812.35
14-Jul-21,15853.95
15-Jul-21,15924.2
16-Jul-21,15923.4
19-Jul-21,15752.4
20-Jul-21,15632.1
22-Jul-21,15824.05
23-Jul-21,15856.05
26-Jul-21,15824.45
27-Jul-21,15746.45
28-Jul-21,15709.4
29-Jul-21,15778.45
30-Jul-21,15763.05
02-Aug-21,15885.15
03-Aug-21,16130.75
04-Aug-21,16258.8
05-Aug-21,16294.6
06-Aug-21,16238.2
09-Aug-21,16258.25
10-Aug-21,16280.1
11-Aug-21,16282.25
12-Aug-21,16364.4
13-Aug-21,16529.1
16-Aug-21,16563.05
17-Aug-21,16614.6
18-Aug-21,16568.85
20-Aug-21,16450.5
23-Aug-21,16496.45
24-Aug-21,16624.6
25-Aug-21,16634.65
26-Aug-21,16636.9
27-Aug-21,16705.2
30-Aug-21,16931.05
31-Aug-21,17132.2
01-Sep-21,17076.25
02-Sep-21,17234.15
03-Sep-21,17323.6
06-Sep-21,17377.8
07-Sep-21,17362.1
08-Sep-21,17353.5
09-Sep-21,17369.25
13-Sep-21,17355.3
14-Sep-21,17380
15-Sep-21,17519.45
16-Sep-21,17629.5
17-Sep-21,17585.15
20-Sep-21,17396.9
21-Sep-21,17562
22-Sep-21,17546.65
23-Sep-21,17822.95
24-Sep-21,17853.2
27-Sep-21,17855.1
28-Sep-21,17748.6
29-Sep-21,17711.3
30-Sep-21,17618.15
01-Oct-21,17532.05
04-Oct-21,17691.25
05-Oct-21,17822.3
06-Oct-21,17646
07-Oct-21,17790.35
08-Oct-21,17895.2
11-Oct-21,17945.95
12-Oct-21,17991.95
13-Oct-21,18161.75
14-Oct-21,18338.55
18-Oct-21,18477.05
19-Oct-21,18418.75
20-Oct-21,18266.6
21-Oct-21,18178.1
22-Oct-21,18114.9
25-Oct-21,18125.4
26-Oct-21,18268.4
27-Oct-21,18210.95
28-Oct-21,17857.25
29-Oct-21,17671.65
01-Nov-21,17929.65
02-Nov-21,17888.95
03-Nov-21,17829.2
04-Nov-21,17916.8
08-Nov-21,18068.55
09-Nov-21,18044.25
10-Nov-21,18017.2
11-Nov-21,17873.6
12-Nov-21,18102.75
15-Nov-21,18109.45
16-Nov-21,17999.2
17-Nov-21,17898.65
18-Nov-21,17764.8
22-Nov-21,17416.55
23-Nov-21,17503.35
24-Nov-21,17415.05
25-Nov-21,17536.25
26-Nov-21,17026.45
29-Nov-21,17053.95
30-Nov-21,16983.2
01-Dec-21,17166.9
02-Dec-21,17401.65
03-Dec-21,17196.7
06-Dec-21,16912.25
07-Dec-21,17176.7
08-Dec-21,17469.75
09-Dec-21,17516.85
10-Dec-21,17511.3
13-Dec-21,17368.25
14-Dec-21,17324.9
15-Dec-21,17221.4
16-Dec-21,17248.4
17-Dec-21,16985.2
20-Dec-21,16614.2
21-Dec-21,16770.85
22-Dec-21,16955.45
23-Dec-21,17072.6
24-Dec-21,17003.75
27-Dec-21,17086.25
28-Dec-21,17233.25
29-Dec-21,17213.6
30-Dec-21,17203.95
31-Dec-21,17354.05
03-Jan-22,17625.7
04-Jan-22,17805.25
05-Jan-22,17925.25
06-Jan-22,17745.9
07-Jan-22,17812.7
10-Jan-22,18003.3
11-Jan-22,18055.75
12-Jan-22,18212.35
13-Jan-22,18257.8
14-Jan-22,18255.75
17-Jan-22,18308.1
18-Jan-22,18113.05
19-Jan-22,17938.4
20-Jan-22,17757
21-Jan-22,17617.15
24-Jan-22,17149.1
25-Jan-22,17277.95
27-Jan-22,17110.15
28-Jan-22,17101.95
31-Jan-22,17339.85
01-Feb-22,17576.85
02-Feb-22,17780
03-Feb-22,17560.2
04-Feb-22,17516.3
07-Feb-22,17213.6
08-Feb-22,17266.75
09-Feb-22,17463.8
10-Feb-22,17605.85
11-Feb-22,17374.75
14-Feb-22,16842.8
15-Feb-22,17352.45
16-Feb-22,17322.2
17-Feb-22,17304.6
18-Feb-22,17276.3
21-Feb-22,17206.65
22-Feb-22,17092.2
23-Feb-22,17063.25
24-Feb-22,16247.95
25-Feb-22,16658.4
28-Feb-22,16793.9
02-Mar-22,16605.95
03-Mar-22,16498.05
04-Mar-22,16245.35
07-Mar-22,15863.15
08-Mar-22,16013.45
09-Mar-22,16345.35
10-Mar-22,16594.9
11-Mar-22,16630.45
14-Mar-22,16871.3
15-Mar-22,16663
16-Mar-22,16975.35
17-Mar-22,17287.05
21-Mar-22,17117.6
22-Mar-22,17315.5
23-Mar-22,17245.65
24-Mar-22,17222.75
25-Mar-22,17153
28-Mar-22,17222
29-Mar-22,17325.3
30-Mar-22,17498.25
31-Mar-22,17464.75
01-Apr-22,17670.45
04-Apr-22,18053.4
05-Apr-22,17957.4
06-Apr-22,17807.65
07-Apr-22,17639.55
08-Apr-22,17784.35
11-Apr-22,17674.95
12-Apr-22,17530.3
13-Apr-22,17475.65
18-Apr-22,17173.65
19-Apr-22,16958.65
20-Apr-22,17136.55
21-Apr-22,17392.6
22-Apr-22,17171.95
25-Apr-22,16953.95
26-Apr-22,17200.8
27-Apr-22,17038.4
28-Apr-22,17245.05
29-Apr-22,17102.55
02-May-22,17069.1
04-May-22,16677.6
05-May-22,16682.65
06-May-22,16411.25
09-May-22,16301.85
10-May-22,16240.05
11-May-22,16167.1
12-May-22,15808
13-May-22,15782.15
16-May-22,15842.3
17-May-22,16259.3
18-May-22,16240.3
19-May-22,15809.4
20-May-22,16266.15
23-May-22,16214.7
24-May-22,16125.15
25-May-22,16025.8
26-May-22,16170.15
27-May-22,16352.45
30-May-22,16661.4
31-May-22,16584.55
01-Jun-22,16522.75
02-Jun-22,16628
03-Jun-22,16584.3
06-Jun-22,16569.55
07-Jun-22,16416.35
08-Jun-22,16356.25
09-Jun-22,16478.1
10-Jun-22,16201.8
13-Jun-22,15774.4
14-Jun-22,15732.1
15-Jun-22,15692.15
16-Jun-22,15360.6
17-Jun-22,15293.5
20-Jun-22,15350.15
21-Jun-22,15638.8
22-Jun-22,15413.3
23-Jun-22,15556.65
24-Jun-22,15699.25
27-Jun-22,15832.05
28-Jun-22,15850.2
29-Jun-22,15799.1
30-Jun-22,15780.25
01-Jul-22,15752.05
04-Jul-22,15835.35
05-Jul-22,15810.85
06-Jul-22,15989.8
07-Jul-22,16132.9
08-Jul-22,16220.6
11-Jul-22,16216
12-Jul-22,16058.3
13-Jul-22,15966.65
14-Jul-22,15938.65
15-Jul-22,16049.2
18-Jul-22,16278.5
19-Jul-22,16340.55
20-Jul-22,16520.85
21-Jul-22,16605.25
22-Jul-22,16719.45
25-Jul-22,16631
26-Jul-22,16483.85
27-Jul-22,16641.8
28-Jul-22,16929.6
29-Jul-22,17158.25
01-Aug-22,17340.05
02-Aug-22,17345.45
03-Aug-22,17388.15
04-Aug-22,17382
05-Aug-22,17397.5
08-Aug-22,17525.1
10-Aug-22,17534.75
11-Aug-22,17659
12-Aug-22,17698.15
16-Aug-22,17825.25
17-Aug-22,17944.25
18-Aug-22,17956.5
19-Aug-22,17758.45
22-Aug-22,17490.7
23-Aug-22,17577.5
24-Aug-22,17604.95
25-Aug-22,17522.45
26-Aug-22,17558.9
29-Aug-22,17312.9
30-Aug-22,17759.3
01-Sep-22,17542.8
02-Sep-22,17539.45
05-Sep-22,17665.8
06-Sep-22,17655.6
07-Sep-22,17624.4
08-Sep-22,17798.75
09-Sep-22,17833.35
12-Sep-22,17936.35
13-Sep-22,18070.05
14-Sep-22,18003.75
15-Sep-22,17877.4
16-Sep-22,17530.85
19-Sep-22,17622.25
20-Sep-22,17816.25
21-Sep-22,17718.35
22-Sep-22,17629.8
23-Sep-22,17327.35
26-Sep-22,17016.3
27-Sep-22,17007.4
28-Sep-22,16858.6
29-Sep-22,16818.1
30-Sep-22,17094.35
03-Oct-22,16887.35
04-Oct-22,17274.3
06-Oct-22,17331.8
07-Oct-22,17314.65
10-Oct-22,17241
11-Oct-22,16983.55
12-Oct-22,17123.6
13-Oct-22,17014.35
14-Oct-22,17185.7
17-Oct-22,17311.8
18-Oct-22,17486.95
19-Oct-22,17512.25
20-Oct-22,17563.95
21-Oct-22,17576.3
24-Oct-22,17730.75
25-Oct-22,17656.35
27-Oct-22,17736.95
28-Oct-22,17786.8
31-Oct-22,18012.2
01-Nov-22,18145.4
02-Nov-22,18082.85
03-Nov-22,18052.7
04-Nov-22,18117.15
07-Nov-22,18202.8
09-Nov-22,18157
10-Nov-22,18028.2
11-Nov-22,18349.7
15-Nov-22,18403.4
16-Nov-22,18409.65
17-Nov-22,18343.9
18-Nov-22,18307.65
21-Nov-22,18159.95
22-Nov-22,18244.2
23-Nov-22,18267.25
24-Nov-22,18484.1
25-Nov-22,18512.75
28-Nov-22,18562.75
29-Nov-22,18618.05
30-Nov-22,18758.35
01-Dec-22,18812.5
02-Dec-22,18696.1
05-Dec-22,18701.05
06-Dec-22,18642.75
07-Dec-22,18560.5
08-Dec-22,18609.35
09-Dec-22,18496.6
12-Dec-22,18497.15
13-Dec-22,18608
14-Dec-22,18660.3
15-Dec-22,18414.9
16-Dec-22,18269
19-Dec-22,18420.45
20-Dec-22,18385.3
21-Dec-22,18199.1
22-Dec-22,18127.35
23-Dec-22,17806.8
26-Dec-22,18014.6
27-Dec-22,18132.3
28-Dec-22,18122.5
29-Dec-22,18191
30-Dec-22,18105.3
