result,date_fm
0,02-01-2013
0.271138364,03-01-2013
0.38209489,04-01-2013
-0.080926008,07-01-2013
0.140995203,08-01-2013
-0.362908272,09-01-2013
-0.410463405,10-01-2013
-0.699957369,11-01-2013
0.51390823,14-01-2013
1.057024119,15-01-2013
0.1434964,16-01-2013
0.76669912,17-01-2013
1.187167263,18-01-2013
1.485834981,21-01-2013
0.921870438,22-01-2013
1.018642723,23-01-2013
0.435491561,24-01-2013
1.358193,25-01-2013
1.360694198,28-01-2013
0.945228415,29-01-2013
1.042839862,30-01-2013
0.692445668,31-01-2013
0.094271088,01-02-2013
-0.100112627,04-02-2013
-0.606517299,05-02-2013
-0.568135903,06-02-2013
-0.908525341,07-02-2013
-1.497518041,08-02-2013
-1.591789129,11-02-2013
-1.180494723,12-02-2013
-1.006128645,13-02-2013
-1.606804405,14-02-2013
-1.766155225,15-02-2013
-1.585947608,18-02-2013
-0.89350194,19-02-2013
-0.83761223,20-02-2013
-2.352646728,21-02-2013
-2.385186585,22-02-2013
-2.310933133,25-02-2013
-3.869351387,26-02-2013
-3.276187344,27-02-2013
-5.008971676,28-02-2013
-4.564298252,01-03-2013
-4.918032787,04-03-2013
-3.487256497,05-03-2013
-2.914110074,06-03-2013
-2.168275894,07-03-2013
-0.793389313,08-03-2013
-0.849287148,11-03-2013
-1.320650765,12-03-2013
-2.370163184,13-03-2013
-1.406579152,14-03-2013
-2.013096433,15-03-2013
-2.63629917,18-03-2013
-4.12630551,19-03-2013
-4.986444717,20-03-2013
-5.581278939,21-03-2013
-5.704749543,22-03-2013
-5.996744704,25-03-2013
-5.867432562,26-03-2013
-5.184168773,28-03-2013
-4.819590339,01-04-2013
-4.090433438,02-04-2013
-5.345181629,03-04-2013
-6.982855713,04-04-2013
-7.341592625,05-04-2013
-7.513449381,08-04-2013
-8.311849197,09-04-2013
-7.250653735,10-04-2013
-6.661661035,11-04-2013
-7.753726192,12-04-2013
-7.088809878,15-04-2013
-5.077375464,16-04-2013
-5.081546824,17-04-2013
-3.506443115,18-04-2013
-2.650483427,22-04-2013
-2.608769833,23-04-2013
-1.283947691,25-04-2013
-2.032283068,26-04-2013
-1.487505143,29-04-2013
-1.052013599,30-04-2013
0.101782806,02-05-2013
-0.821757811,03-05-2013
-0.370419972,06-05-2013
0.839274267,07-05-2013
1.26892429,08-05-2013
0.949399775,09-05-2013
1.693571935,10-05-2013
-0.21357035,13-05-2013
0.035872056,14-05-2013
2.5612147,15-05-2013
2.947480949,16-05-2013
3.237805948,17-05-2013
2.730570258,20-05-2013
2.016436791,21-05-2013
1.689400576,22-05-2013
-0.437161724,23-05-2013
-0.161852,24-05-2013
1.500019222,27-05-2013
1.968881659,28-05-2013
1.852914612,29-05-2013
2.182452009,30-05-2013
-0.121800442,31-05-2013
-0.900182622,03-06-2013
-1.231382055,04-06-2013
-1.157967747,05-06-2013
-1.19885034,06-06-2013
-1.872940391,07-06-2013
-1.922996705,10-06-2013
-3.411341009,11-06-2013
-3.888538022,12-06-2013
-4.908019889,13-06-2013
-3.08430481,14-06-2013
-2.389357944,17-06-2013
-2.997537263,18-06-2013
-2.853209861,19-06-2013
-5.628834072,20-06-2013
-5.432780178,21-06-2013
-6.724231427,24-06-2013
-6.40970929,25-06-2013
-6.750090602,26-06-2013
-5.187500972,27-06-2013
-2.520332124,28-06-2013
-1.575103692,01-07-2013
-2.264217161,02-07-2013
-3.710008726,03-07-2013
-2.607930672,04-07-2013
-2.091521261,05-07-2013
-3.031747299,08-07-2013
-2.240020023,09-07-2013
-2.945810787,10-07-2013
-0.970256572,11-07-2013
0.262795645,12-07-2013
0.626534935,15-07-2013
-0.634046636,16-07-2013
-0.332877737,17-07-2013
0.747504359,18-07-2013
0.599844742,19-07-2013
0.643220373,22-07-2013
1.410750511,23-07-2013
-0.045884954,24-07-2013
-1.43077629,25-07-2013
-1.786172861,26-07-2013
-2.696368381,29-07-2013
-3.974474534,30-07-2013
-4.192216243,31-07-2013
-4.428313553,01-08-2013
-5.26175444,02-08-2013
-5.136613657,05-08-2013
-7.525132441,06-08-2013
-7.91139869,07-08-2013
-7.134694832,08-08-2013
-6.354650615,12-08-2013
-4.90468769,13-08-2013
-4.187213866,14-08-2013
-8.099109865,16-08-2013
-9.652525758,19-08-2013
-9.874438827,20-08-2013
-11.52463513,21-08-2013
-9.757640763,22-08-2013
-8.701455804,23-08-2013
-8.622199975,26-08-2013
-11.77657873,27-08-2013
-11.81746131,28-08-2013
-9.747636007,29-08-2013
-8.700624786,30-08-2013
-7.383306219,02-09-2013
-10.87556509,03-09-2013
-9.096064773,04-09-2013
-6.679177491,05-09-2013
-5.220040846,06-09-2013
-1.610144746,10-09-2013
-1.336505202,11-09-2013
-2.378505902,12-09-2013
-2.380176065,13-09-2013
-2.547869603,16-09-2013
-2.386848621,17-09-2013
-1.56509081,18-09-2013
2.040625787,19-09-2013
0.314522137,20-09-2013
-1.726942811,23-09-2013
-1.681888875,24-09-2013
-1.992239636,25-09-2013
-1.852083594,26-09-2013
-2.670501064,27-09-2013
-4.30401193,30-09-2013
-3.557338589,01-10-2013
-1.394065073,03-10-2013
-1.434116631,04-10-2013
-1.453303266,07-10-2013
-1.082052275,08-10-2013
0.23693647,09-10-2013
0.46218988,10-10-2013
1.717769074,11-10-2013
1.993078797,14-10-2013
1.598461686,15-10-2013
0.877655663,17-10-2013
3.272015985,18-10-2013
3.532310433,21-10-2013
3.496430234,22-10-2013
3.088476169,23-10-2013
2.85488004,24-10-2013
2.530345005,25-10-2013
1.7995261,28-10-2013
3.798438276,29-10-2013
4.312354649,30-10-2013
5.104073783,31-10-2013
5.238396446,01-11-2013
4.336543645,05-11-2013
3.702497009,06-11-2013
3.23697493,07-11-2013
2.461102073,08-11-2013
1.427435949,11-11-2013
0.413795603,12-11-2013
-0.060900213,13-11-2013
1.049512401,14-11-2013
3.266174446,18-11-2013
3.505612114,19-11-2013
2.163265374,20-11-2013
0.096772285,21-11-2013
0.036711217,22-11-2013
2.037293589,25-11-2013
1.098737713,26-11-2013
1.065366838,27-11-2013
1.645185801,28-11-2013
3.050933934,29-11-2013
3.747550961,02-12-2013
3.480583957,03-12-2013
2.79815117,04-12-2013
4.13548739,05-12-2013
4.44917035,06-12-2013
6.18445588,09-12-2013
5.666376307,10-12-2013
5.250071364,11-12-2013
4.067906478,12-12-2013
2.922452793,13-12-2013
2.693867184,16-12-2013
2.432733575,17-12-2013
3.735867885,18-12-2013
2.893253277,19-12-2013
4.688608017,20-12-2013
4.859633755,23-12-2013
4.590996571,24-12-2013
4.766193668,26-12-2013
5.348513828,27-12-2013
4.969759279,30-12-2013
3.802609636,02-01-2014
3.635755258,03-01-2014
3.307057022,06-01-2014
2.819838986,07-01-2014
3.025905777,08-01-2014
2.921621791,09-01-2014
2.973348267,10-01-2014
4.663579861,13-01-2014
4.148001468,14-01-2014
5.466982055,15-01-2014
5.433611179,16-01-2014
4.478369866,17-01-2014
5.184168773,20-01-2014
5.348513828,21-01-2014
5.768159096,22-01-2014
5.87994664,23-01-2014
4.563467234,24-01-2014
2.379345063,27-01-2014
2.219163225,28-01-2014
2.119050599,29-01-2014
1.342346723,30-01-2014
1.605973387,31-01-2014
0.142657239,03-02-2014
0.127641964,04-02-2014
0.486378876,05-02-2014
0.718304843,06-02-2014
1.167149627,07-02-2014
1.004466608,10-02-2014
1.158806908,11-02-2014
1.514203479,12-02-2014
0.130982322,13-02-2014
0.919369257,14-02-2014
,17-02-2014
2.233347483,18-02-2014
2.661327327,19-02-2014
1.638513244,20-02-2014
2.706381262,21-02-2014
3.217788312,24-02-2014
3.45054528,25-02-2014
4.097105994,26-02-2014
4.733661953,28-02-2014
3.807620156,03-03-2014
5.084056146,04-03-2014
5.596294198,05-03-2014
6.805988437,06-03-2014
8.900010879,07-03-2014
9.076878155,10-03-2014
8.653900672,11-03-2014
8.737327861,12-03-2014
8.340217712,13-03-2014
8.525427689,14-03-2014
8.733156501,18-03-2014
8.856627122,19-03-2014
8.173363334,20-03-2014
8.341887874,21-03-2014
,22-03-2014
9.848579652,24-03-2014
9.952863638,25-03-2014
10.14724735,26-03-2014
10.8205064,27-03-2014
11.72402122,28-03-2014
11.86251525,31-03-2014
12.14365837,01-04-2014
12.66924966,02-04-2014
12.39477909,03-04-2014
11.69816207,04-04-2014
11.70983698,07-04-2014
13.39757552,09-04-2014
13.40090772,10-04-2014
13.0655288,11-04-2014
12.34472278,15-04-2014
11.38029959,16-04-2014
13.11725528,17-04-2014
13.75547327,21-04-2014
13.71710004,22-04-2014
14.14173954,23-04-2014
,24-04-2014
13.17315313,25-04-2014
12.81441622,28-04-2014
12.04688608,29-04-2014
11.73236394,30-04-2014
11.70566562,02-05-2014
11.78158925,05-05-2014
12.0477171,06-05-2014
11.00070588,07-05-2014
11.12251446,08-05-2014
14.44207742,09-05-2014
17.03583198,12-05-2014
18.61260585,13-05-2014
18.61260585,14-05-2014
18.85287452,15-05-2014
20.18520836,16-05-2014
21.19550836,19-05-2014
21.3949026,20-05-2014
21.01781007,21-05-2014
21.40991786,22-05-2014
22.92329033,23-05-2014
22.78896767,26-05-2014
22.1040337,27-05-2014
22.29841742,28-05-2014
20.72998627,29-05-2014
20.63488416,30-05-2014
22.84653569,02-06-2014
23.73670543,03-06-2014
23.50978184,04-06-2014
24.70863218,05-06-2014
26.53234726,06-06-2014
27.7203537,09-06-2014
27.75038422,10-06-2014
27.2573328,11-06-2014
27.64192887,12-06-2014
25.84324195,13-06-2014
25.70057657,16-06-2014
27.33825879,17-06-2014
26.11187911,18-06-2014
25.81988395,19-06-2014
25.3318349,20-06-2014
25.02982686,23-06-2014
26.47895875,24-06-2014
26.29624995,25-06-2014
25.02732566,26-06-2014
25.28761198,27-06-2014
26.99870851,30-06-2014
27.3883151,01-07-2014
28.89750806,02-07-2014
28.72481216,03-07-2014
29.33884116,04-07-2014
29.93200521,07-07-2014
27.19643257,08-07-2014
26.55904559,09-07-2014
26.27122179,10-07-2014
24.46669333,11-07-2014
24.37575442,14-07-2014
25.58544866,15-07-2014
27.21645021,16-07-2014
27.48425637,17-07-2014
27.875525,18-07-2014
28.21424427,21-07-2014
29.60997953,22-07-2014
30.07550161,23-07-2014
30.65699075,24-07-2014
29.98707204,25-07-2014
29.29045501,28-07-2014
30.00291832,30-07-2014
28.83326751,31-07-2014
26.85271093,01-08-2014
28.2050624,04-08-2014
29.25457481,05-08-2014
28.0115097,06-08-2014
27.63108497,07-08-2014
26.28456689,08-08-2014
27.24231752,11-08-2014
28.92920878,12-08-2014
29.13777675,13-08-2014
30.00792884,14-08-2014
31.38530847,18-08-2014
31.7732449,19-08-2014
31.40282493,20-08-2014
31.66645973,21-08-2014
32.03520953,22-08-2014
31.9200735,25-08-2014
31.89421432,26-08-2014
32.41646527,27-08-2014
32.72181367,28-08-2014
33.94569215,01-09-2014
34.86922463,02-09-2014
35.39565508,03-09-2014
35.08447328,04-09-2014
34.93263418,05-09-2014
36.38509827,08-09-2014
36.03554324,09-09-2014
35.0536036,10-09-2014
34.91344755,11-09-2014
35.24381596,12-09-2014
34.18429066,15-09-2014
32.36390776,16-09-2014
33.07470905,17-09-2014
35.39815626,18-09-2014
35.50995195,19-09-2014
35.92457857,22-09-2014
33.77632845,23-09-2014
33.52354569,24-09-2014
32.01268257,25-09-2014
32.96375252,26-09-2014
32.79772915,29-09-2014
32.89617161,30-09-2014
32.57497693,01-10-2014
31.02073002,07-10-2014
30.85888616,08-10-2014
32.8252585,09-10-2014
31.14670997,10-10-2014
31.55216285,13-10-2014
31.21428273,14-10-2014
,15-10-2014
29.28211229,16-10-2014
29.80770358,17-10-2014
31.47123684,20-10-2014
32.27797939,21-10-2014
33.41509034,22-10-2014
33.34501639,27-10-2014
33.94402199,28-10-2014
34.99270337,29-10-2014
36.3066816,30-10-2014
38.85955358,31-10-2014
38.89209346,03-11-2014
39.12818262,05-11-2014
39.10649481,07-11-2014
39.22746423,10-11-2014
39.53448281,11-11-2014
39.87902732,12-11-2014
39.45437966,13-11-2014
39.98916099,14-11-2014
40.6707546,17-11-2014
40.58983675,18-11-2014
39.86234188,19-11-2014
40.18938624,20-11-2014
41.44828948,21-11-2014
42.32929364,24-11-2014
41.21052199,25-11-2014
41.4215993,26-11-2014
41.72944888,27-11-2014
43.29871105,28-11-2014
42.75894366,01-12-2014
42.23835473,02-12-2014
42.45443442,03-12-2014
42.90076988,04-12-2014
42.46527018,05-12-2014
40.79589538,08-12-2014
39.16823418,09-12-2014
39.41768475,10-12-2014
38.37067352,11-12-2014
37.22270236,12-12-2014
37.14761789,15-12-2014
34.6114395,16-12-2014
33.98072507,17-12-2014
36.14148926,18-12-2014
37.24106612,19-12-2014
38.88958412,22-12-2014
37.93851416,23-12-2014
36.38843863,24-12-2014
36.83227289,26-12-2014
37.59312235,29-12-2014
37.6256622,30-12-2014
40.0817619,02-01-2015
39.79727845,05-01-2015
35.60839441,06-01-2015
35.18708711,07-01-2015
37.39789945,08-01-2015
38.23050932,09-01-2015
38.87289868,12-01-2015
38.47912887,13-01-2015
38.11454228,14-01-2015
41.72861788,15-01-2015
42.05647695,16-01-2015
42.67217611,19-01-2015
45.08988627,20-01-2015
45.65552914,21-01-2015
46.18780113,22-01-2015
47.42584756,23-01-2015
48.67559338,27-01-2015
48.73899479,28-01-2015
49.37387242,29-01-2015
46.98035942,30-01-2015
46.78847689,02-02-2015
46.10686698,03-02-2015
45.55875685,04-02-2015
45.3585316,05-02-2015
44.51340767,06-02-2015
42.26587593,09-02-2015
42.91994836,10-02-2015
43.95195246,11-02-2015
45.35602228,12-02-2015
46.92362241,13-02-2015
46.98785482,16-02-2015
47.98480973,18-02-2015
48.42197147,19-02-2015
47.39247669,20-02-2015
46.08017678,23-02-2015
46.19946788,24-02-2015
46.28540441,25-02-2015
44.89383238,26-02-2015
47.5760165,27-02-2015
,28-02-2015
49.44729487,02-03-2015
50.10636967,03-03-2015
48.87832797,04-03-2015
49.13027156,05-03-2015
46.11020732,09-03-2015
45.36436499,10-03-2015
45.1624777,11-03-2015
46.43140199,12-03-2015
44.2914946,13-03-2015
44.04789373,16-03-2015
45.55207617,17-03-2015
44.92805057,18-03-2015
44.07292189,19-03-2015
43.00922523,20-03-2015
42.67551647,23-03-2015
42.54286397,24-03-2015
42.3401294,25-03-2015
39.19243134,26-03-2015
39.17991726,27-03-2015
41.69774004,30-03-2015
41.67605223,31-03-2015
43.26534017,01-04-2015
44.49422919,06-04-2015
44.50089359,07-04-2015
45.40358555,08-04-2015
46.46977525,09-04-2015
46.50397712,10-04-2015
47.39915739,13-04-2015
,15-04-2015
45.27510441,16-04-2015
43.59487757,17-04-2015
40.96024042,20-04-2015
39.7864264,21-04-2015
40.65323814,22-04-2015
40.12930889,23-04-2015
38.57673216,24-04-2015
37.05084562,27-04-2015
38.24885678,28-04-2015
37.48383598,29-04-2015
36.51190923,30-04-2015
39.0222366,04-05-2015
38.90292921,05-05-2015
35.10198974,06-05-2015
34.4395746,07-05-2015
36.67876361,08-05-2015
38.91044091,11-05-2015
35.60172185,12-05-2015
37.41209185,13-05-2015
37.22438068,14-05-2015
37.86092035,15-05-2015
39.71802263,18-05-2015
39.58453912,19-05-2015
40.54561382,20-05-2015
40.50807158,21-05-2015
41.1412872,22-05-2015
39.66128561,25-05-2015
39.14569906,26-05-2015
39.06644323,27-05-2015
38.80615693,28-05-2015
40.71914889,29-05-2015
40.71497753,01-06-2015
37.42877729,02-06-2015
35.73770655,03-06-2015
35.66345308,04-06-2015
35.39732524,05-06-2015
34.22016272,08-06-2015
33.85725444,09-06-2015
35.56000826,10-06-2015
32.90535349,11-06-2015
33.19817965,12-06-2015
33.71542822,15-06-2015
34.27272023,16-06-2015
35.01105085,17-06-2015
36.39678135,18-06-2015
37.23689476,19-06-2015
39.37512383,22-06-2015
39.84982781,23-06-2015
39.50443597,24-06-2015
40.12430651,25-06-2015
39.84231609,26-06-2015
38.79615219,29-06-2015
39.6320861,30-06-2015
41.04283661,01-07-2015
40.90686007,02-07-2015
41.57427758,03-07-2015
42.19581014,06-07-2015
42.00642064,07-07-2015
39.54114721,08-07-2015
38.9654996,09-07-2015
39.49943361,10-07-2015
41.15297027,13-07-2015
41.06035305,14-07-2015
42.22333133,15-07-2015
43.62907946,16-07-2015
43.65910998,17-07-2015
43.55233296,20-07-2015
42.31761056,21-07-2015
44.05372711,22-07-2015
43.32457022,23-07-2015
42.1857891,24-07-2015
39.50694531,27-07-2015
39.10649481,28-07-2015
39.74137246,29-07-2015
40.52141668,30-07-2015
42.37433127,31-07-2015
42.54452601,03-08-2015
42.10821159,04-08-2015
42.95999992,05-08-2015
43.30539175,06-08-2015
42.90409392,07-08-2015
42.25336185,10-08-2015
41.19800791,11-08-2015
39.31423176,12-08-2015
39.42100878,13-08-2015
42.13573278,14-08-2015
41.44745847,17-08-2015
41.26809002,18-08-2015
41.74530332,19-08-2015
39.70299921,20-08-2015
38.48830259,21-08-2015
30.29658366,24-08-2015
31.4929328,25-08-2015
30.01043003,26-08-2015
32.63171393,27-08-2015
33.51604213,28-08-2015
33.00462696,31-08-2015
29.91031741,01-09-2015
28.76152338,02-09-2015
30.53017979,03-09-2015
27.72785726,04-09-2015
26.12188387,07-09-2015
28.28181704,08-09-2015
30.45676549,09-09-2015
29.94785964,10-09-2015
29.96787728,11-09-2015
31.3519376,14-09-2015
30.63196259,15-09-2015
31.80077424,16-09-2015
33.18149421,18-09-2015
33.10140738,21-09-2015
30.34663997,22-09-2015
30.91311384,23-09-2015
31.2893672,24-09-2015
30.07467059,28-09-2015
30.86889092,29-09-2015
32.63087477,30-09-2015
32.66424564,01-10-2015
35.47407175,05-10-2015
36.03470408,06-10-2015
36.4434973,07-10-2015
35.64176529,08-10-2015
36.64873307,09-10-2015
35.87953277,12-10-2015
35.68097768,13-10-2015
35.28385938,14-10-2015
36.47853836,15-10-2015
37.45714581,16-10-2015
38.07282868,19-10-2015
37.84925359,20-10-2015
37.68323022,21-10-2015
38.41321812,23-10-2015
37.83088983,26-10-2015
37.36954726,27-10-2015
36.34005248,28-10-2015
35.34809995,29-10-2015
34.58140083,30-10-2015
34.33111926,02-11-2015
34.4963116,03-11-2015
34.15426013,04-11-2015
32.74016927,05-11-2015
32.72097451,06-11-2015
32.0685804,09-11-2015
29.86860381,10-11-2015
29.51653944,13-11-2015
30.25654024,16-11-2015
30.77294965,17-11-2015
29.00846461,18-11-2015
30.85971718,19-11-2015
31.08997297,20-11-2015
30.96817253,23-11-2015
30.67367619,24-11-2015
31.54465115,26-11-2015
32.52742994,27-11-2015
32.40312018,30-11-2015
32.73098739,01-12-2015
32.3380486,02-12-2015
31.21678392,03-12-2015
29.84440666,04-12-2015
29.56909693,07-12-2015
28.50623944,08-12-2015
27.01789513,09-12-2015
28.19922087,10-12-2015
26.98369324,11-12-2015
27.64443007,14-12-2015
28.4928862,15-12-2015
29.32715809,16-12-2015
30.88641552,17-12-2015
29.51153706,18-12-2015
30.7212313,21-12-2015
29.91448877,22-12-2015
31.24682259,23-12-2015
31.16505744,24-12-2015
32.23459562,28-12-2015
32.29800517,29-12-2015
31.7523881,30-12-2015
32.86947816,01-01-2016
30.00125141,04-01-2016
29.89029325,05-01-2016
29.16197389,06-01-2016
26.28039878,07-01-2016
26.8318525,08-01-2016
26.20614858,11-01-2016
25.31264339,12-01-2016
26.1819547,13-01-2016
25.75480749,14-01-2016
24.10294915,15-01-2016
22.65465315,18-01-2016
24.05789847,19-01-2016
21.9588704,20-01-2016
21.41659367,21-01-2016
23.84682768,22-01-2016
24.07541818,25-01-2016
24.10211488,27-01-2016
23.88353564,28-01-2016
26.20114295,29-01-2016
26.07433363,01-02-2016
24.39911567,02-02-2016
22.83485588,03-02-2016
23.53898135,04-02-2016
24.95891211,05-02-2016
23.25950027,08-02-2016
21.77366204,09-02-2016
20.39711342,10-02-2016
16.40345389,11-02-2016
16.4802069,12-02-2016
19.51695658,15-02-2016
17.60313686,16-02-2016
18.60760022,17-02-2016
19.99749718,18-02-2016
20.3145205,19-02-2016
20.71163392,22-02-2016
18.6259542,23-02-2016
17.11008218,24-02-2016
16.30751262,25-02-2016
17.29445626,26-02-2016
16.58198807,29-02-2016
20.50723731,01-03-2016
22.95248822,02-03-2016
24.7336587,03-03-2016
24.89634172,04-03-2016
24.89550745,08-03-2016
25.6713803,09-03-2016
24.90969007,10-03-2016
25.31097485,11-03-2016
25.7873441,14-03-2016
24.48337713,15-03-2016
25.11992658,16-03-2016
25.35018563,17-03-2016
26.88190881,18-03-2016
28.54878405,21-03-2016
28.72648396,22-03-2016
28.75318066,23-03-2016
27.06127727,28-03-2016
26.75927085,29-03-2016
29.06519835,30-03-2016
29.11859175,31-03-2016
28.6956159,01-04-2016
29.45897468,04-04-2016
26.86272056,05-04-2016
27.04876319,06-04-2016
25.91582197,07-04-2016
26.06181955,08-04-2016
28.00066742,11-04-2016
28.62720561,12-04-2016
30.98819505,13-04-2016
32.06023443,18-04-2016
32.0610687,20-04-2016
32.01601802,21-04-2016
31.80327869,22-04-2016
31.06494807,25-04-2016
32.86030117,26-04-2016
33.14812497,27-04-2016
30.93480165,28-04-2016
30.97734952,29-04-2016
30.2448588,02-05-2016
29.26208651,03-05-2016
28.58716056,04-05-2016
29.07020398,05-05-2016
29.03599883,06-05-2016
31.24848788,09-05-2016
31.61139615,10-05-2016
30.96149835,11-05-2016
31.82163267,12-05-2016
30.39502774,13-05-2016
31.16005506,16-05-2016
31.6606182,17-05-2016
31.31689818,18-05-2016
29.86943645,19-05-2016
29.3071372,20-05-2016
28.99595378,23-05-2016
29.29295457,24-05-2016
32.39728027,25-05-2016
34.64564302,26-05-2016
36.0972761,27-05-2016
36.46185292,30-05-2016
36.15484086,31-05-2016
36.4860468,01-06-2016
37.13677888,02-06-2016
37.16764694,03-06-2016
36.83810954,06-06-2016
37.92933717,07-06-2016
38.03946106,08-06-2016
36.88065741,09-06-2016
36.32086097,10-06-2016
35.32891169,13-06-2016
35.29971218,14-06-2016
36.93071372,15-06-2016
35.83197764,16-06-2016
36.32336378,17-06-2016
37.46297918,20-06-2016
37.15263004,21-06-2016
36.88232595,22-06-2016
37.99607892,23-06-2016
34.96183206,24-06-2016
35.06361323,27-06-2016
35.61673549,28-06-2016
36.88733158,29-06-2016
38.284737,30-06-2016
38.96216577,01-07-2016
39.66879406,04-07-2016
39.0889751,05-07-2016
39.1215117,07-07-2016
38.87623577,08-07-2016
41.29061861,11-07-2016
42.17744963,12-07-2016
42.1515872,13-07-2016
42.91077462,14-07-2016
42.51699829,15-07-2016
41.97138447,18-07-2016
42.30259041,19-07-2016
42.92495724,20-07-2016
41.99474409,21-07-2016
42.5136612,22-07-2016
44.0896008,25-07-2016
43.3387561,26-07-2016
43.75839486,27-07-2016
44.60100947,28-07-2016
44.1371543,29-07-2016
44.10461769,01-08-2016
43.87686147,02-08-2016
42.57456305,03-08-2016
42.67884704,04-08-2016
44.8821591,05-08-2016
45.35268844,08-08-2016
44.80040045,09-08-2016
43.08263463,10-08-2016
43.36378426,11-08-2016
44.69861928,12-08-2016
44.20473032,16-08-2016
43.89604972,17-08-2016
44.71697326,18-08-2016
44.61102073,19-08-2016
43.98114546,22-08-2016
44.03871022,23-08-2016
44.33404246,24-08-2016
43.36461853,25-08-2016
43.03674968,26-08-2016
43.61907146,29-08-2016
45.90330789,30-08-2016
46.60159346,31-08-2016
46.40887665,01-09-2016
46.99286698,02-09-2016
49.2178701,06-09-2016
48.79989989,07-09-2016
49.37638176,08-09-2016
47.9447712,09-09-2016
45.42360155,12-09-2016
45.60714137,14-09-2016
45.8732741,15-09-2016
46.49564093,16-09-2016
46.97201018,19-09-2016
46.42973345,20-09-2016
46.45059025,21-09-2016
47.95728528,22-09-2016
47.35827806,23-09-2016
45.54790806,26-09-2016
45.27009552,27-09-2016
45.91665624,28-09-2016
43.34876736,29-09-2016
43.68080758,30-09-2016
45.7990239,03-10-2016
46.31710675,04-10-2016
45.89663371,05-10-2016
45.32265465,06-10-2016
45.12326367,07-10-2016
45.31014057,10-10-2016
43.05009803,13-10-2016
43.21778668,14-10-2016
42.1666041,17-10-2016
44.79456055,18-10-2016
44.48087432,19-10-2016
45.15329746,20-10-2016
45.04734493,21-10-2016
45.31264339,24-10-2016
45.01814541,25-10-2016
43.74921787,26-10-2016
43.74921787,27-10-2016
44.12881158,28-10-2016
43.92358069,30-10-2016
43.93275769,01-11-2016
42.05981729,02-11-2016
41.57510533,03-11-2016
40.72081091,04-11-2016
41.77699912,07-11-2016
42.55287198,08-11-2016
40.6916114,09-11-2016
42.25587119,10-11-2016
38.42739749,11-11-2016
35.293038,15-11-2016
35.34559713,16-11-2016
34.81750302,17-11-2016
34.71989321,18-11-2016
32.30050473,21-11-2016
33.52187878,22-11-2016
34.03912735,23-11-2016
32.90785467,24-11-2016
35.39064781,25-11-2016
35.60088433,28-11-2016
35.85533725,29-11-2016
37.22938306,30-11-2016
36.70212322,01-12-2016
34.93179827,02-12-2016
35.63175239,05-12-2016
35.87202269,06-12-2016
35.1862512,07-12-2016
37.60230259,08-12-2016
37.85091561,09-12-2016
36.33337505,12-12-2016
37.18433237,13-12-2016
36.5277604,14-12-2016
36.04638552,15-12-2016
35.81028657,16-12-2016
35.22462771,19-12-2016
34.85838235,20-12-2016
34.50631961,21-12-2016
33.13477662,22-12-2016
33.24573478,23-12-2016
31.95261336,26-12-2016
34.0316189,27-12-2016
34.06498978,28-12-2016
35.21211363,29-12-2016
36.58365661,30-12-2016
36.47853836,02-01-2017
36.69127769,03-01-2017
36.66207817,04-01-2017
38.05197514,05-01-2017
37.55141201,06-01-2017
37.42209986,09-01-2017
38.29891962,10-01-2017
39.83481417,11-01-2017
40.27781254,12-01-2017
40.16351729,13-01-2017
40.37125099,16-01-2017
40.12430651,17-01-2017
40.44132983,18-01-2017
40.74333625,19-01-2017
39.31255996,20-01-2017
40.01585117,23-01-2017
41.42243357,24-01-2017
43.5406499,25-01-2017
44.18303925,27-01-2017
44.04121303,30-01-2017
42.8490385,31-01-2017
45.4369499,01-02-2017
45.73478497,02-02-2017
45.8465774,03-02-2017
46.84937221,06-02-2017
46.30292412,07-02-2017
46.3154382,08-02-2017
46.47144704,09-02-2017
46.72423143,10-02-2017
46.91611396,13-02-2017
46.70337463,14-02-2017
45.57543904,15-02-2017
46.46477287,16-02-2017
47.1939265,17-02-2017
48.15333917,20-02-2017
48.63137697,21-02-2017
48.94923456,22-02-2017
49.15947107,23-02-2017
48.44533433,27-02-2017
48.16001335,28-02-2017
49.26458933,01-03-2017
48.49622492,02-03-2017
48.45951696,03-03-2017
49.55908731,06-03-2017
49.28294331,07-03-2017
48.90585242,08-03-2017
48.9509031,09-03-2017
49.07687815,10-03-2017
51.62057314,14-03-2017
51.58386518,15-03-2017
52.73349184,16-03-2017
52.83944437,17-03-2017
52.28548784,20-03-2017
52.19622075,21-03-2017
50.67701164,22-03-2017
51.60889334,23-03-2017
51.97096734,24-03-2017
50.92312185,27-03-2017
51.85083219,28-03-2017
52.56830601,29-03-2017
53.06803487,30-03-2017
53.06803487,31-03-2017
54.13757143,03-04-2017
54.59308389,05-04-2017
54.53969049,06-04-2017
53.47766237,07-04-2017
53.19651274,10-04-2017
54.12338881,11-04-2017
53.56359237,12-04-2017
52.68510408,13-04-2017
52.49322154,17-04-2017
51.92341384,18-04-2017
51.89588287,19-04-2017
52.44483377,20-04-2017
52.16118133,21-04-2017
53.80553122,24-04-2017
55.28469528,25-04-2017
56.03971134,26-04-2017
55.8778626,27-04-2017
55.24214742,28-04-2017
55.40483043,02-05-2017
55.37396237,03-05-2017
56.17402912,04-05-2017
54.92929546,05-05-2017
55.40900179,08-05-2017
55.45572102,09-05-2017
56.96491887,10-05-2017
57.21686898,11-05-2017
56.85813207,12-05-2017
57.60063405,15-05-2017
58.71605556,16-05-2017
58.94130897,17-05-2017
57.33450131,18-05-2017
57.30863889,19-05-2017
57.48133317,22-05-2017
56.61202186,23-05-2017
56.18487465,24-05-2017
58.67434197,25-05-2017
60.09844408,26-05-2017
60.26196137,29-05-2017
60.58983023,30-05-2017
60.53476828,31-05-2017
60.44883828,01-06-2017
61.07287365,02-06-2017
61.43327911,05-06-2017
60.80006674,06-06-2017
61.2464022,07-06-2017
60.96858966,08-06-2017
61.31898386,09-06-2017
60.45384391,12-06-2017
60.29533225,13-06-2017
60.48304342,14-06-2017
59.81395737,15-06-2017
59.98081175,16-06-2017
61.14044967,19-06-2017
61.07287365,20-06-2017
60.74083344,21-06-2017
60.68076586,22-06-2017
59.76223251,23-06-2017
58.70187294,27-06-2017
58.36566137,28-06-2017
58.58006924,29-06-2017
58.8603846,30-06-2017
60.43048429,03-07-2017
60.40211905,04-07-2017
60.80757519,05-07-2017
61.42410211,06-07-2017
61.27810453,07-07-2017
63.03424686,10-07-2017
63.28452843,11-07-2017
63.78592583,12-07-2017
65.04734493,13-07-2017
64.95807784,14-07-2017
65.4519668,17-07-2017
63.97029992,18-07-2017
65.17915989,19-07-2017
64.74033287,20-07-2017
65.44028699,21-07-2017
66.29374713,24-07-2017
66.26287907,25-07-2017
67.19893213,26-07-2017
67.19726359,27-07-2017
67.09631669,28-07-2017
68.14082509,31-07-2017
68.76736328,01-08-2017
68.21424102,02-08-2017
67.08213407,03-08-2017
67.96229091,04-08-2017
67.81212197,07-08-2017
66.4964752,08-08-2017
65.32015184,09-08-2017
63.8551704,10-08-2017
62.02894923,11-08-2017
63.41968047,14-08-2017
65.14078338,16-08-2017
65.25507863,17-08-2017
64.14132566,18-08-2017
62.75560005,21-08-2017
62.94247695,22-08-2017
64.39327577,23-08-2017
64.46919451,24-08-2017
65.39940767,28-08-2017
63.45138281,29-08-2017
64.92554123,30-08-2017
65.4845034,31-08-2017
66.42723063,01-09-2017
65.40024194,04-09-2017
66.05681392,05-09-2017
65.45613816,06-09-2017
65.68472865,07-09-2017
65.7664873,08-09-2017
66.95532474,11-09-2017
68.40695783,12-09-2017
68.17753306,13-09-2017
68.29933675,14-09-2017
68.27931423,15-09-2017
69.40891837,18-09-2017
69.31631419,19-09-2017
69.20952738,20-09-2017
68.88833271,21-09-2017
66.26037626,22-09-2017
64.72865307,25-09-2017
64.71029909,26-09-2017
62.44525091,27-09-2017
62.99920744,28-09-2017
63.32707629,29-09-2017
64.51007383,03-10-2017
65.43444709,04-10-2017
64.99728862,05-10-2017
66.51566345,06-10-2017
66.66666667,09-10-2017
67.13719601,10-10-2017
66.60075919,11-10-2017
68.46285404,12-10-2017
69.6483544,13-10-2017
70.70621115,16-10-2017
70.76627873,17-10-2017
70.3725024,18-10-2017
69.29962875,19-10-2017
69.93868102,23-10-2017
70.31994327,24-10-2017
71.78242189,25-10-2017
72.59083135,26-10-2017
72.24460852,27-10-2017
72.92203729,30-10-2017
72.44900513,31-10-2017
74.20431319,01-11-2017
73.92566637,02-11-2017
74.40453844,03-11-2017
74.39285863,06-11-2017
72.69678388,07-11-2017
71.91256831,08-11-2017
72.00934385,09-11-2017
72.22291745,10-11-2017
70.60776707,13-11-2017
69.96788053,14-11-2017
68.82409377,15-11-2017
70.43757561,16-11-2017
71.586368,17-11-2017
71.83915238,20-11-2017
72.30884745,21-11-2017
72.5658032,22-11-2017
72.67342427,23-11-2017
73.35669295,24-11-2017
73.52104451,27-11-2017
73.03216118,28-11-2017
72.88282651,29-11-2017
70.63446377,30-11-2017
68.88666416,01-12-2017
68.98594252,04-12-2017
68.82743086,05-12-2017
67.59020565,06-12-2017
69.63584032,07-12-2017
71.28686439,08-12-2017
72.23126017,11-12-2017
70.86138573,12-12-2017
70.07383306,13-12-2017
71.06077671,14-12-2017
72.41479998,15-12-2017
73.34084178,18-12-2017
74.58307262,19-12-2017
74.26604931,20-12-2017
74.2009761,21-12-2017
75.08029867,22-12-2017
75.72268802,26-12-2017
75.04275643,27-12-2017
74.82834856,28-12-2017
75.70933967,29-12-2017
74.12172027,01-01-2018
74.23267843,02-01-2018
74.24936387,03-01-2018
75.27718684,04-01-2018
76.17903475,05-01-2018
77.25941684,08-01-2018
77.48300171,09-01-2018
77.40291161,10-01-2018
77.71993493,11-01-2018
78.22133233,12-01-2018
79.22746423,15-01-2018
78.54169274,16-01-2018
80.01167981,17-01-2018
80.48638051,18-01-2018
81.78283903,19-01-2018
82.97584783,22-01-2018
84.93638677,23-01-2018
84.97476328,24-01-2018
84.70195637,25-01-2018
85.71559671,29-01-2018
84.36824761,30-01-2018
84.00200225,31-01-2018
83.82179952,01-02-2018
79.54532182,02-02-2018
77.9760564,05-02-2018
75.16789722,06-02-2018
74.80832603,07-02-2018
76.47937263,08-02-2018
74.44541776,09-02-2018
75.86034289,12-02-2018
75.21211363,14-02-2018
75.95628415,15-02-2018
74.40120135,16-02-2018
73.1681475,19-02-2018
72.86780962,20-02-2018
73.48600509,21-02-2018
73.23989488,22-02-2018
75.04776207,23-02-2018
76.57531389,26-02-2018
76.10311601,27-02-2018
75.07779585,28-02-2018
74.50214825,01-03-2018
72.84194719,05-03-2018
71.01322321,06-03-2018
69.42727235,07-03-2018
70.90309932,08-03-2018
70.6394694,09-03-2018
73.88562132,12-03-2018
73.97655696,13-03-2018
73.71042423,14-03-2018
72.86363826,15-03-2018
70.11054103,16-03-2018
68.42698035,19-03-2018
68.92921203,20-03-2018
69.44479206,21-03-2018
68.76903183,22-03-2018
66.82184124,23-03-2018
69.03433029,26-03-2018
69.92700121,27-03-2018
68.75151212,28-03-2018
70.38835356,02-04-2018
70.9423101,03-04-2018
68.99678805,04-04-2018
72.27964794,05-04-2018
72.38726901,06-04-2018
73.18399867,09-04-2018
73.56609519,10-04-2018
73.81470821,11-04-2018
74.50715388,12-04-2018
74.87339924,13-04-2018
75.6701289,16-04-2018
76.00967755,17-04-2018
75.6342552,18-04-2018
76.28665582,19-04-2018
76.26579902,20-04-2018
76.61035331,23-04-2018
77.10507654,24-04-2018
76.37425437,25-04-2018
77.1626413,26-04-2018
78.40570642,27-04-2018
79.19075627,30-04-2018
78.83535644,02-05-2018
78.19463563,03-05-2018
77.17014975,04-05-2018
78.79280858,07-05-2018
78.83118508,08-05-2018
79.22996705,09-05-2018
78.81032829,10-05-2018
80.31118341,11-05-2018
80.31285196,14-05-2018
80.23359613,15-05-2018
79.21995578,16-05-2018
78.24552622,17-05-2018
76.80557294,18-05-2018
75.47574354,21-05-2018
75.8094523,22-05-2018
74.03495599,23-05-2018
75.42819005,24-05-2018
76.95157052,25-05-2018
78.34480457,28-05-2018
77.42126559,29-05-2018
77.10507654,30-05-2018
79.13736287,31-05-2018
78.47077963,01-06-2018
77.34117549,04-06-2018
76.75134526,05-06-2018
78.27806282,06-06-2018
79.67463396,07-06-2018
79.66295416,08-06-2018
79.98498311,11-06-2018
80.91769908,12-06-2018
81.14879239,13-06-2018
80.33704584,14-06-2018
80.49806032,15-06-2018
80.20022525,18-06-2018
78.70854712,19-06-2018
79.73637008,20-06-2018
79.21995578,21-06-2018
80.56730488,22-06-2018
79.57618988,25-06-2018
79.68798231,26-06-2018
78.05698077,27-06-2018
76.68376924,28-06-2018
78.77278605,29-06-2018
77.8217161,02-07-2018
78.53251575,03-07-2018
79.70049639,04-07-2018
79.36428482,05-07-2018
79.74638135,06-07-2018
81.08538773,09-07-2018
82.65965878,10-07-2018
82.67717849,11-07-2018
83.92691778,12-07-2018
83.8551704,13-07-2018
82.48613023,16-07-2018
83.6741334,17-07-2018
83.21361532,18-07-2018
82.82401034,19-07-2018
83.71000709,20-07-2018
84.95390648,23-07-2018
85.78066992,24-07-2018
85.74229341,25-07-2018
86.33128937,26-07-2018
88.18420723,27-07-2018
88.87164727,30-07-2018
89.4881742,31-07-2018
89.31631419,01-08-2018
87.62274225,02-08-2018
89.55992158,03-08-2018
89.99874859,06-08-2018
90.03795937,07-08-2018
91.04826263,08-08-2018
91.39365119,09-08-2018
90.70621115,10-08-2018
89.47566012,13-08-2018
90.79964961,14-08-2018
89.96454344,16-08-2018
91.39448546,17-08-2018
92.74600592,20-08-2018
93.06553206,21-08-2018
93.26325449,23-08-2018
92.83527302,24-08-2018
95.0853043,27-08-2018
95.86201143,28-08-2018
95.08447003,29-08-2018
94.83251992,30-08-2018
94.89425604,31-08-2018
93.25658032,03-09-2018
92.22124891,04-09-2018
91.49793518,05-09-2018
92.49822717,06-09-2018
93.36920702,07-09-2018
90.84970592,10-09-2018
88.33687899,11-09-2018
89.71175906,12-09-2018
92.13615317,14-09-2018
89.84273975,17-09-2018
88.19338422,18-09-2018
87.45004797,19-09-2018
85.92750177,21-09-2018
82.99587035,24-09-2018
84.6652484,25-09-2018
84.43749218,26-09-2018
83.16522755,27-09-2018
82.37934343,28-09-2018
83.67830476,01-10-2018
81.17465482,03-10-2018
76.85312643,04-10-2018
72.13448463,05-10-2018
72.66174446,08-10-2018
71.87752889,09-10-2018
74.53134777,10-10-2018
70.76961582,11-10-2018
74.73824719,12-10-2018
75.40566471,15-10-2018
76.61118759,16-10-2018
74.41371543,17-10-2018
71.91924248,19-10-2018
70.94648146,22-10-2018
69.30380011,23-10-2018
70.60442998,24-10-2018
68.93838902,25-10-2018
67.35494098,26-10-2018
71.03991991,29-10-2018
70.1647687,30-10-2018
73.30496809,31-10-2018
73.20235265,01-11-2018
76.08142494,02-11-2018
75.59754724,05-11-2018
75.69765987,06-11-2018
76.83894381,07-11-2018
76.61869603,09-11-2018
74.90009594,12-11-2018
76.57364535,13-11-2018
76.47019564,14-11-2018
77.14428732,15-11-2018
78.2371835,16-11-2018
79.59204105,19-11-2018
77.80336212,20-11-2018
76.86647478,21-11-2018
75.64343219,22-11-2018
77.34284403,26-11-2018
78.29391399,27-11-2018
79.01555917,28-11-2018
81.18216327,29-11-2018
81.48333542,30-11-2018
81.60013348,03-12-2018
81.362366,04-12-2018
79.91740708,05-12-2018
76.88482877,06-12-2018
78.42906603,07-12-2018
75.00437993,10-12-2018
76.017186,11-12-2018
79.16155675,12-12-2018
80.06173612,13-12-2018
80.29366371,14-12-2018
81.6768865,17-12-2018
82.01643516,18-12-2018
82.99420181,19-12-2018
82.73390898,20-12-2018
79.43519793,21-12-2018
77.92516581,24-12-2018
79.03224461,26-12-2018
79.86568223,27-12-2018
81.20218579,28-12-2018
81.2464022,31-12-2018
82.03979477,01-01-2019
80.07758729,02-01-2019
78.07116339,03-01-2019
78.99053101,04-01-2019
79.73219872,07-01-2019
80.23860176,08-01-2019
81.12292996,09-01-2019
80.56313353,10-01-2019
80.11846661,11-01-2019
79.16155675,14-01-2019
81.65102407,15-01-2019
81.7094231,16-01-2019
81.95803612,17-01-2019
81.98723564,18-01-2019
82.90326617,21-01-2019
82.25086556,22-01-2019
80.72831936,23-01-2019
81.03366287,24-01-2019
79.8781963,25-01-2019
77.89262921,28-01-2019
77.73662036,29-01-2019
77.72994619,30-01-2019
80.71914237,31-01-2019
81.76531932,01-02-2019
82.07566846,04-02-2019
82.44441664,05-02-2019
84.58182122,06-02-2019
84.69778501,07-02-2019
82.59875693,08-02-2019
81.68439494,11-02-2019
80.72665082,12-02-2019
80.09677554,13-02-2019
79.3025487,14-02-2019
78.94130897,15-02-2019
77.54890919,18-02-2019
76.93822217,19-02-2019
79.12568306,20-02-2019
80.03337088,21-02-2019
80.06340466,22-02-2019
81.53923164,25-02-2019
80.79172402,26-02-2019
80.31368623,27-02-2019
80.07758729,28-02-2019
81.26225337,01-03-2019
83.33041338,05-03-2019
84.42414383,06-03-2019
84.5109081,07-03-2019
84.13048012,08-03-2019
86.34380345,11-03-2019
88.56546949,12-03-2019
89.24122972,13-03-2019
89.26709215,14-03-2019
90.66199474,15-03-2019
91.25182497,18-03-2019
92.4231427,19-03-2019
92.23376298,20-03-2019
91.16339215,22-03-2019
89.45063196,25-03-2019
91.60305344,26-03-2019
90.96566971,27-03-2019
93.05051516,28-03-2019
93.94986026,29-03-2019
94.70487632,01-04-2019
95.43986985,02-04-2019
94.28440329,03-04-2019
93.51770742,04-04-2019
94.65148292,05-04-2019
93.62616277,08-04-2019
94.75159554,09-04-2019
93.28911692,10-04-2019
93.49601635,11-04-2019
94.27606057,12-04-2019
95.0586076,15-04-2019
96.67375798,16-04-2019
96.10061319,18-04-2019
93.45847412,22-04-2019
93.14979352,23-04-2019
95.65594627,24-04-2019
94.2485296,25-04-2019
96.13148125,26-04-2019
96.0230259,30-04-2019
95.63258666,02-05-2019
95.42401869,03-05-2019
93.52187878,06-05-2019
91.8474951,07-05-2019
89.53739624,08-05-2019
88.57548075,09-05-2019
88.19338422,10-05-2019
86.01259751,13-05-2019
87.24481709,14-05-2019
86.15942936,15-05-2019
87.82964168,16-05-2019
90.33329162,17-05-2019
97.35952947,20-05-2019
95.37145956,21-05-2019
95.85200017,22-05-2019
94.50298252,23-05-2019
97.62399366,24-05-2019
98.96967422,27-05-2019
99.03641597,28-05-2019
97.9076461,29-05-2019
99.32257123,30-05-2019
98.93713761,31-05-2019
101.7027489,03-06-2019
100.5864931,04-06-2019
97.61815376,06-06-2019
98.06699203,07-06-2019
98.93546907,10-06-2019
99.65127435,11-06-2019
98.66015935,12-06-2019
98.79114003,13-06-2019
97.27693655,14-06-2019
94.75493263,17-06-2019
95.07779585,18-06-2019
95.07696158,19-06-2019
97.4179285,20-06-2019
95.62174113,21-06-2019
95.21378217,24-06-2019
96.82893255,25-06-2019
97.68155842,26-06-2019
97.58144579,27-06-2019
96.70212322,28-06-2019
97.98273057,01-07-2019
98.72856964,02-07-2019
98.83619071,03-07-2019
99.33675385,04-07-2019
97.07420848,05-07-2019
92.86030117,08-07-2019
92.81525049,09-07-2019
91.86418054,10-07-2019
93.26575731,11-07-2019
92.75852,12-07-2019
93.35669295,15-07-2019
94.5955867,16-07-2019
95.0110541,17-07-2019
93.49935344,18-07-2019
90.53518542,19-07-2019
89.31631419,22-07-2019
89.0635298,23-07-2019
88.0665749,24-07-2019
87.74704876,25-07-2019
88.28348559,26-07-2019
86.69670045,29-07-2019
84.96475201,30-07-2019
85.50869728,31-07-2019
83.20610687,01-08-2019
83.49559922,02-08-2019
81.24723647,05-08-2019
82.67634422,06-08-2019
81.12876987,07-08-2019
84.08125808,08-08-2019
85.36937388,09-08-2019
82.30259041,13-08-2019
84.0303675,14-08-2019
84.33737955,16-08-2019
84.43916072,19-08-2019
83.82346807,20-08-2019
82.18328953,21-08-2019
79.22412714,22-08-2019
80.69244567,23-08-2019
84.5050682,26-08-2019
85.2976265,27-08-2019
84.30901431,28-08-2019
82.67717849,29-08-2019
83.92775205,30-08-2019
80.16768865,03-09-2019
80.94773287,04-09-2019
81.00196054,05-09-2019
82.64213907,06-09-2019
83.59070621,09-09-2019
84.13548575,11-09-2019
83.2528261,12-09-2019
84.80624035,13-09-2019
83.59821466,16-09-2019
80.49639177,17-09-2019
80.88099112,18-09-2019
78.61427439,19-09-2019
88.11496267,20-09-2019
93.55441538,23-09-2019
93.35419013,24-09-2019
90.88474534,25-09-2019
93.07053769,26-09-2019
92.08943395,27-09-2019
91.45622158,30-09-2019
89.54490468,01-10-2019
88.77904309,03-10-2019
86.45559588,04-10-2019
85.64885496,07-10-2019
88.76736328,09-10-2019
87.45338506,10-10-2019
88.62970842,11-10-2019
89.23205273,14-10-2019
90.68618863,15-10-2019
91.28185876,16-10-2019
93.32332207,17-10-2019
94.58307262,18-10-2019
93.35669295,22-10-2019
93.61948859,23-10-2019
93.26075168,24-10-2019
93.28244275,25-10-2019
94.00408793,27-10-2019
96.66875235,29-10-2019
97.62399366,30-10-2019
98.18045301,31-10-2019
98.39986652,01-11-2019
99.24581821,04-11-2019
98.84369916,05-11-2019
99.6587828,06-11-2019
100.4263129,07-11-2019
98.69269595,08-11-2019
98.78112877,11-11-2019
97.56309181,13-11-2019
98.09118592,14-11-2019
98.48079089,15-11-2019
98.29808535,18-11-2019
99.22579569,19-11-2019
100.2102365,20-11-2019
99.69799358,21-11-2019
98.79697994,22-11-2019
101.4558044,25-11-2019
100.8542944,26-11-2019
101.905477,27-11-2019
102.7472573,28-11-2019
101.1604722,29-11-2019
101.0294915,02-12-2019
100.1284779,03-12-2019
100.9460643,04-12-2019
100.5322655,05-12-2019
98.91544654,06-12-2019
99.18241355,09-12-2019
97.83589872,10-12-2019
98.72606683,11-12-2019
99.75472406,12-12-2019
101.6718809,13-12-2019
101.1254328,16-12-2019
102.9783506,17-12-2019
103.9235807,18-12-2019
104.5584616,19-12-2019
104.7603554,20-12-2019
104.6093522,23-12-2019
103.8051141,24-12-2019
102.3367956,26-12-2019
104.326534,27-12-2019
104.4942227,30-12-2019
103.0359154,31-12-2019
103.2703458,01-01-2020
104.933884,02-01-2020
104.0070079,03-01-2020
100.1092896,06-01-2020
101.1087473,07-01-2020
100.6482293,08-01-2020
103.8276394,09-01-2020
104.5100738,10-01-2020
105.7239394,13-01-2020
106.2703875,14-01-2020
105.9533642,15-01-2020
106.1569265,16-01-2020
106.1043674,17-01-2020
103.9719685,20-01-2020
103.059275,21-01-2020
102.0089267,22-01-2020
103.2344721,23-01-2020
104.3674133,24-01-2020
102.2108205,27-01-2020
101.1563008,28-01-2020
102.3860176,29-01-2020
100.8225921,30-01-2020
99.59287532,31-01-2020
94.58307262,01-02-2020
95.35143703,03-02-2020
99.88570475,04-02-2020
101.7127602,05-02-2020
102.5270096,06-02-2020
101.8662662,07-02-2020
100.7508447,10-02-2020
102.0256121,11-02-2020
103.5823635,12-02-2020
103.1393651,13-02-2020
102.1182163,14-02-2020
100.9894465,17-02-2020
100.1001126,18-02-2020
102.32595,19-02-2020
101.5742711,20-02-2020
97.37871772,24-02-2020
96.85312643,25-02-2020
94.86088516,26-02-2020
94.10670337,27-02-2020
86.9061027,28-02-2020
85.75480749,02-03-2020
88.60050891,03-03-2020
87.72786051,04-03-2020
88.02819839,05-03-2020
83.36378426,06-03-2020
74.38701873,09-03-2020
74.50298252,11-03-2020
60.01585117,12-03-2020
66.10687023,13-03-2020
53.46264548,16-03-2020
49.61915488,17-03-2020
41.30563551,18-03-2020
37.87928086,19-03-2020
45.92166187,20-03-2020
26.9803529,23-03-2020
30.16393443,24-03-2020
38.78696867,25-03-2020
44.18637634,26-03-2020
44.50006257,27-03-2020
38.17377883,30-03-2020
43.45722271,31-03-2020
37.71826638,01-04-2020
34.88174196,03-04-2020
46.70170609,07-04-2020
45.97672381,08-04-2020
52.03604055,09-04-2020
50.06632462,13-04-2020
48.92253786,15-04-2020
50.04880491,16-04-2020
54.61978059,17-04-2020
54.53802194,20-04-2020
49.85942519,21-04-2020
53.29412255,22-04-2020
55.40649898,23-04-2020
52.74517165,24-04-2020
54.87923914,27-04-2020
56.52442331,28-04-2020
59.40182706,29-04-2020
64.51674801,30-04-2020
55.06611605,04-05-2020
53.59946607,05-05-2020
54.68902515,06-05-2020
53.49017645,07-05-2020
54.36532766,08-05-2020
54.16009678,11-05-2020
53.44846285,12-05-2020
56.56863972,13-05-2020
52.5507863,14-05-2020
52.45234222,15-05-2020
47.21978893,18-05-2020
48.15167063,19-05-2020
51.27935594,20-05-2020
51.94176782,21-05-2020
50.82384349,22-05-2020
50.65365203,26-05-2020
55.42401869,27-05-2020
58.34647312,28-05-2020
59.8514996,29-05-2020
63.95361448,01-06-2020
66.50565219,02-06-2020
67.88136654,03-06-2020
67.33992408,04-06-2020
69.22621282,05-06-2020
69.6483544,08-06-2020
67.63275351,09-06-2020
68.79239144,10-06-2020
65.21920494,11-06-2020
66.40220248,12-06-2020
63.74588078,15-06-2020
65.41943019,16-06-2020
64.87131356,17-06-2020
68.38359821,18-06-2020
70.93229884,19-06-2020
72.04688608,22-06-2020
74.71321904,23-06-2020
71.948442,24-06-2020
71.67480082,25-06-2020
73.24490051,26-06-2020
72.06690861,29-06-2020
71.8950486,30-06-2020
74.02995036,01-07-2020
76.05973387,02-07-2020
76.98827848,03-07-2020
79.59621241,06-07-2020
80.19688817,07-07-2020
78.63012556,08-07-2020
80.42714721,09-07-2020
79.66962833,10-07-2020
80.24778209,13-07-2020
76.98827197,14-07-2020
77.16931882,15-07-2020
79.20077087,16-07-2020
81.89964043,17-07-2020
83.91023568,20-07-2020
86.24702791,21-07-2020
85.75229817,22-07-2020
87.13469653,23-07-2020
86.77929988,24-07-2020
85.73895316,27-07-2020
88.55462078,28-07-2020
86.92445017,29-07-2020
85.2442396,30-07-2020
84.76536437,31-07-2020
81.73110766,03-08-2020
85.12910357,04-08-2020
85.23589688,05-08-2020
86.87941251,06-08-2020
87.11133041,07-08-2020
88.04739315,10-08-2020
88.92086931,11-08-2020
88.68561115,12-08-2020
88.55295875,13-08-2020
86.51650423,14-08-2020
87.6627808,17-08-2020
89.96954257,18-08-2020
90.35415492,19-08-2020
88.74901264,20-08-2020
89.7401178,21-08-2020
91.32274142,24-08-2020
91.41951362,25-08-2020
92.71012572,26-08-2020
92.87114671,27-08-2020
94.34529863,28-08-2020
90.00542277,31-08-2020
91.38614274,01-09-2020
92.46652484,02-09-2020
92.34055312,03-09-2020
89.11024252,04-09-2020
89.46397714,07-09-2020
88.8349328,08-09-2020
88.17836733,09-09-2020
91.03574855,10-09-2020
91.28937054,11-09-2020
90.88223935,14-09-2020
92.24627389,15-09-2020
93.62699387,16-09-2020
92.15116356,17-09-2020
91.96513077,18-09-2020
87.72034889,21-09-2020
86.10353965,22-09-2020
85.73978409,23-09-2020
80.29532908,24-09-2020
84.37825887,25-09-2020
87.33658382,28-09-2020
87.2506635,29-09-2020
87.67029258,30-09-2020
90.49681225,01-10-2020
91.93842423,05-10-2020
94.59225612,06-10-2020
95.86784483,07-10-2020
97.46547549,08-10-2020
98.79364619,09-10-2020
99.07312727,12-10-2020
99.13235724,13-10-2020
99.74220682,14-10-2020
94.89174672,15-10-2020
96.261631,16-10-2020
98.10703391,19-10-2020
98.50331306,20-10-2020
99.18492287,21-10-2020
98.49747966,22-10-2020
99.06310616,23-10-2020
96.35006048,26-10-2020
98.3798505,27-10-2020
95.71350453,28-10-2020
94.73240412,29-10-2020
94.25854737,30-10-2020
94.70488283,02-11-2020
97.11341926,03-11-2020
98.69853585,04-11-2020
102.2325084,05-11-2020
104.6226974,06-11-2020
107.9180713,09-11-2020
110.7554267,10-11-2020
112.7251556,11-11-2020
111.7515507,12-11-2020
112.2379377,13-11-2020
114.8116665,17-11-2020
115.8803654,18-11-2020
113.1014091,19-11-2020
114.5588756,20-11-2020
115.6834806,23-11-2020
117.8308996,24-11-2020
114.5480397,25-11-2020
116.6937805,26-11-2020
116.3926117,27-11-2020
118.730235,01-12-2020
118.8086597,02-12-2020
119.1448778,03-12-2020
121.224708,04-12-2020
122.8465357,07-12-2020
123.4672373,08-12-2020
125.7389498,09-12-2020
124.8913329,10-12-2020
125.4844969,11-12-2020
126.2236748,14-12-2020
126.3855105,15-12-2020
128.3018429,16-12-2020
129.2695983,17-12-2020
129.6007977,18-12-2020
122.3901955,21-12-2020
124.6911077,22-12-2020
126.9403013,23-12-2020
129.4122555,24-12-2020
131.4804188,28-12-2020
132.471524,29-12-2020
133.2949602,30-12-2020
133.9048096,01-01-2021
135.8136237,04-01-2021
136.9248738,05-01-2021
136.0363743,06-01-2021
135.8878739,07-01-2021
139.3901472,08-01-2021
141.6843949,11-01-2021
142.9975389,12-01-2021
143.0208985,13-01-2021
143.5339757,14-01-2021
140.8326033,15-01-2021
138.2897426,18-01-2021
142.2917449,19-01-2021
144.3532307,20-01-2021
143.4463772,21-01-2021
139.8014433,22-01-2021
137.5822801,25-01-2021
133.0538523,27-01-2021
130.5518709,28-01-2021
127.49927,29-01-2021
138.2880741,01-02-2021
144.4057898,02-02-2021
146.7767906,03-02-2021
148.5404413,04-02-2021
149.0176449,05-02-2021
152.2137405,08-02-2021
152.1052851,09-02-2021
152.0585659,10-02-2021
153.1731531,11-02-2021
153.0062988,12-02-2021
155.532474,15-02-2021
155.5116172,16-02-2021
153.7671547,17-02-2021
152.2662996,18-02-2021
149.9770575,19-02-2021
144.8704793,22-02-2021
145.4060818,23-02-2021
149.9812289,24-02-2021
151.9058941,25-02-2021
142.4252284,26-02-2021
146.3029241,01-03-2021
148.9317148,02-03-2021
154.3795103,03-03-2021
151.6289159,04-03-2021
149.2487382,05-03-2021
149.5507446,08-03-2021
151.9234138,09-03-2021
153.1981813,10-03-2021
150.7979811,12-03-2021
149.1052434,15-03-2021
148.7873858,16-03-2021
145.6313353,17-03-2021
142.9041004,18-03-2021
146.0100947,19-03-2021
145.8832854,22-03-2021
147.1905894,23-03-2021
142.7631085,24-03-2021
139.0172277,25-03-2021
142.0606516,26-03-2021
147.6969924,30-03-2021
145.1207609,31-03-2021
148.0682434,01-04-2021
144.2381012,05-04-2021
145.0006257,06-04-2021
147.2623368,07-04-2021
148.1758645,08-04-2021
147.5259667,09-04-2021
138.781963,12-04-2021
142.018938,13-04-2021
143.2978768,15-04-2021
143.9052267,16-04-2021
139.5937096,19-04-2021
138.5416927,20-04-2021
140.3729195,22-04-2021
139.2917032,23-04-2021
141.6885663,26-04-2021
144.4925541,27-04-2021
148.0215242,28-04-2021
148.5279273,29-04-2021
144.1263088,30-04-2021
144.1771993,03-05-2021
141.8804488,04-05-2021
143.9052267,05-05-2021
145.6897343,06-05-2021
147.3307471,07-05-2021
149.3196513,10-05-2021
147.7912652,11-05-2021
145.2175364,12-05-2021
144.9055187,14-05-2021
148.9992909,17-05-2021
152.0852626,18-05-2021
150.7846327,19-05-2021
148.7139699,20-05-2021
153.206524,21-05-2021
153.5802778,24-05-2021
153.7596463,25-05-2021
155.311392,26-05-2021
155.9187419,27-05-2021
157.5505777,28-05-2021
160.0058399,31-05-2021
159.8731907,01-06-2021
159.895716,02-06-2021
161.8003587,03-06-2021
161.4649814,04-06-2021
162.8231761,07-06-2021
162.6304593,08-06-2021
160.8826597,09-06-2021
162.5912485,10-06-2021
163.6190715,11-06-2021
163.8276394,14-06-2021
164.7853836,15-06-2021
163.0884745,16-06-2021
161.8178784,17-06-2021
161.6835607,18-06-2021
162.7372461,21-06-2021
163.1752388,22-06-2021
161.7436282,23-06-2021
163.4705711,24-06-2021
164.6368832,25-06-2021
163.8751929,28-06-2021
162.7697827,29-06-2021
162.3201101,30-06-2021
161.6276645,01-07-2021
162.3317899,02-07-2021
164.2030618,05-07-2021
163.9344262,06-07-2021
164.9589121,07-07-2021
162.4268969,08-07-2021
161.7911817,09-07-2021
161.837901,12-07-2021
163.8359821,13-07-2021
164.5300964,14-07-2021
165.7022484,15-07-2021
165.6889,16-07-2021
162.8356902,19-07-2021
160.828432,20-07-2021
164.0312018,22-07-2021
164.5651358,23-07-2021
164.0378759,26-07-2021
162.7364118,27-07-2021
162.1182163,28-07-2021
163.2703458,29-07-2021
163.0133901,30-07-2021
165.050682,02-08-2021
169.1486255,03-08-2021
171.2851958,04-08-2021
171.8825345,05-08-2021
170.9414758,06-08-2021
171.2760189,09-08-2021
171.6405957,10-08-2021
171.6764694,11-08-2021
173.0471781,12-08-2021
175.7952697,13-08-2021
176.3617403,16-08-2021
177.2218746,17-08-2021
176.4585158,18-08-2021
174.4837943,20-08-2021
175.2504901,23-08-2021
177.388729,24-08-2021
177.5564176,25-08-2021
177.5939599,26-08-2021
178.7335753,27-08-2021
182.5019814,30-08-2021
185.8582572,31-08-2021
184.924707,01-09-2021
187.5593376,02-09-2021
189.05185,03-09-2021
189.9562007,06-09-2021
189.6942394,07-09-2021
189.5507446,08-09-2021
189.8135402,09-09-2021
189.5807784,13-09-2021
189.9929087,14-09-2021
192.319693,15-09-2021
194.1559254,16-09-2021
193.4159263,17-09-2021
190.2748926,20-09-2021
193.0296584,21-09-2021
192.7735369,22-09-2021
197.3837234,23-09-2021
197.8884578,24-09-2021
197.9201602,27-09-2021
196.1431611,28-09-2021
195.5207942,29-09-2021
193.9665457,30-09-2021
192.5299295,01-10-2021
195.1862512,04-10-2021
197.3728778,05-10-2021
194.4312351,06-10-2021
196.8397781,07-10-2021
198.5892462,08-10-2021
199.4360322,11-10-2021
200.2035623,12-10-2021
203.0367497,13-10-2021
205.9867351,14-10-2021
208.2976682,18-10-2021
207.3249072,19-10-2021
204.7862178,20-10-2021
203.3095566,21-10-2021
202.2550369,22-10-2021
202.430234,25-10-2021
204.8162516,26-10-2021
203.8576732,27-10-2021
197.9560339,28-10-2021
194.8592166,29-10-2021
199.1640596,01-11-2021
198.4849622,02-11-2021
197.4880073,03-11-2021
198.9496517,04-11-2021
201.4816669,08-11-2021
201.0762107,09-11-2021
200.6248696,10-11-2021
198.2288408,11-11-2021
202.0523088,12-11-2021
202.1641013,15-11-2021
200.3245318,16-11-2021
198.646811,17-11-2021
196.4134651,18-11-2021
190.6027614,22-11-2021
192.0510574,23-11-2021
190.5777333,24-11-2021
192.6000083,25-11-2021
184.0937722,26-11-2021
184.5526217,29-11-2021
183.372127,30-11-2021
186.4372419,01-12-2021
190.3541484,02-12-2021
186.9344679,03-12-2021
182.1882952,06-12-2021
186.6007592,07-12-2021
191.4904267,08-12-2021
192.2763108,09-12-2021
192.1837067,10-12-2021
189.7968548,13-12-2021
189.0735411,14-12-2021
187.3465983,15-12-2021
187.7971051,16-12-2021
183.4054979,17-12-2021
177.2152004,20-12-2021
179.8289743,21-12-2021
182.9091061,22-12-2021
184.8638051,23-12-2021
183.7150127,24-12-2021
185.0915613,27-12-2021
187.5443207,28-12-2021
187.2164518,29-12-2021
187.0554374,30-12-2021
189.5599216,31-12-2021
194.0925208,03-01-2022
197.0883911,04-01-2022
199.0906436,05-01-2022
196.0981104,06-01-2022
197.2126976,07-01-2022
200.3929421,10-01-2022
201.2680933,11-01-2022
203.8810328,12-01-2022
204.639386,13-01-2022
204.6051808,14-01-2022
205.4786635,17-01-2022
202.2241689,18-01-2022
199.3100571,19-01-2022
196.2833187,20-01-2022
193.9498603,21-01-2022
186.1402411,24-01-2022
188.2901598,25-01-2022
185.4903433,27-01-2022
185.3535227,28-01-2022
189.3229884,31-01-2022
193.2774371,01-02-2022
196.6670838,02-02-2022
192.9996246,03-02-2022
192.2671339,04-02-2022
187.2164518,07-02-2022
188.1032829,08-02-2022
191.3911484,09-02-2022
193.7613148,10-02-2022
189.9053101,11-02-2022
181.0294915,14-02-2022
189.5332249,15-02-2022
189.0284904,16-02-2022
188.7348267,17-02-2022
188.2626288,18-02-2022
187.100488,21-02-2022
185.1908397,22-02-2022
184.7077963,23-02-2022
171.1041588,24-02-2022
177.9526968,25-02-2022
180.2135736,28-02-2022
177.0775456,02-03-2022
175.2771868,03-03-2022
171.0607767,04-03-2022
164.6836024,07-03-2022
167.1914237,08-03-2022
172.7293205,09-03-2022
176.8931715,10-03-2022
177.4863388,11-03-2022
181.5050265,14-03-2022
178.0294498,15-03-2022
183.2411463,16-03-2022
188.4419972,17-03-2022
185.6146498,21-03-2022
188.916698,22-03-2022
187.7512201,23-03-2022
187.3691236,24-03-2022
186.2053143,25-03-2022
187.3566095,28-03-2022
189.0802152,29-03-2022
191.9659617,30-03-2022
191.4069995,31-03-2022
194.8391941,01-04-2022
201.2288825,04-04-2022
199.6270805,05-04-2022
197.1284362,06-04-2022
194.3236141,07-04-2022
196.7396655,08-04-2022
194.9142786,11-04-2022
192.50073,12-04-2022
191.5888708,13-04-2022
186.5498686,18-04-2022
182.9624995,19-04-2022
185.9308389,20-04-2022
190.2031452,21-04-2022
186.5215034,22-04-2022
182.8840779,25-04-2022
187.0028782,26-04-2022
184.2931631,27-04-2022
187.7412089,28-04-2022
185.363534,29-04-2022
184.8054061,02-05-2022
178.2730572,04-05-2022
178.3573187,05-05-2022
173.8288908,06-05-2022
172.0035039,09-05-2022
170.9723439,10-05-2022
169.7551412,11-05-2022
163.7634005,12-05-2022
163.3320819,13-05-2022
164.335711,16-05-2022
171.2935386,17-05-2022
170.9765152,18-05-2022
163.7867601,19-05-2022
171.4078338,20-05-2022
170.549368,23-05-2022
169.0551871,24-05-2022
167.3974888,25-05-2022
169.8060318,26-05-2022
172.8477871,27-05-2022
178.0027531,30-05-2022
176.7204772,31-05-2022
175.6893171,01-06-2022
177.4454595,02-06-2022
176.7163058,03-06-2022
176.4701956,06-06-2022
173.9139866,07-06-2022
172.9111918,08-06-2022
174.9443124,09-06-2022
170.3341259,10-06-2022
163.2027698,13-06-2022
162.4969758,14-06-2022
161.8303925,15-06-2022
156.2983356,16-06-2022
155.1787428,17-06-2022
156.1239728,20-06-2022
160.9402244,21-06-2022
157.1776582,22-06-2022
159.5695157,23-06-2022
161.9488591,24-06-2022
164.1646853,27-06-2022
164.467526,28-06-2022
163.6149001,29-06-2022
163.3003796,30-06-2022
162.8298502,01-07-2022
164.2197472,04-07-2022
163.810954,05-07-2022
166.7968131,06-07-2022
169.1844992,07-07-2022
170.6478121,08-07-2022
170.5710591,11-07-2022
167.9397656,12-07-2022
166.4105452,13-07-2022
165.9433529,14-07-2022
167.7879281,15-07-2022
171.613899,18-07-2022
172.6492304,19-07-2022
175.6576148,20-07-2022
177.0658658,21-07-2022
178.9713428,22-07-2022
177.4955158,25-07-2022
175.0402536,26-07-2022
177.6757185,27-07-2022
182.4777875,28-07-2022
186.2929129,29-07-2022
189.3263254,01-08-2022
189.4164268,02-08-2022
190.128895,03-08-2022
190.0262796,04-08-2022
190.2849039,05-08-2022
192.4139657,08-08-2022
192.5749802,10-08-2022
194.6481458,11-08-2022
195.3013807,12-08-2022
197.4220999,16-08-2022
199.407667,17-08-2022
199.6120636,18-08-2022
196.3075126,19-08-2022
191.8399867,22-08-2022
193.2882827,23-08-2022
193.7462979,24-08-2022
192.3697493,25-08-2022
192.9779335,26-08-2022
188.8733158,29-08-2022
196.3216952,30-08-2022
192.709298,01-09-2022
192.6534017,02-09-2022
194.7616068,05-09-2022
194.5914153,06-09-2022
194.0708297,07-09-2022
196.9799358,08-09-2022
197.5572519,09-09-2022
199.275852,12-09-2022
201.506695,13-09-2022
200.4004505,14-09-2022
198.2922454,15-09-2022
192.509907,16-09-2022
194.034956,19-09-2022
197.2719309,20-09-2022
195.6384266,21-09-2022
194.160931,22-09-2022
189.1144204,23-09-2022
183.924415,26-09-2022
183.7759146,27-09-2022
181.2931214,28-09-2022
180.6173612,29-09-2022
185.2267134,30-09-2022
181.7728278,03-10-2022
188.2292579,04-10-2022
189.1886706,06-10-2022
188.9025153,07-10-2022
187.6736328,10-10-2022
183.3779669,11-10-2022
185.7147624,12-10-2022
183.8918784,13-10-2022
186.7509281,14-10-2022
188.8549618,17-10-2022
191.7774163,18-10-2022
192.1995578,19-10-2022
193.062195,20-10-2022
193.2682601,21-10-2022
195.845326,24-10-2022
194.6039294,25-10-2022
195.9487757,27-10-2022
196.7805448,28-10-2022
200.5414425,31-10-2022
202.7639428,01-11-2022
201.7202686,02-11-2022
201.2172027,03-11-2022
202.2925792,04-11-2022
203.7216869,07-11-2022
202.9574938,09-11-2022
200.8084095,10-11-2022
206.1727777,11-11-2022
207.0687857,15-11-2022
207.1730697,16-11-2022
206.0760022,17-11-2022
205.471155,18-11-2022
203.0067159,21-11-2022
204.412464,22-11-2022
204.7970634,23-11-2022
208.4153005,24-11-2022
208.8933383,25-11-2022
209.7276102,28-11-2022
210.6503149,29-11-2022
212.9912819,30-11-2022
213.8947983,01-12-2022
211.9526134,02-12-2022
212.0352063,05-12-2022
211.0624453,06-12-2022
209.690068,07-12-2022
210.5051516,08-12-2022
208.6238685,09-12-2022
208.6330455,12-12-2022
210.4826263,13-12-2022
211.3552747,14-12-2022
207.2606683,15-12-2022
204.8262629,16-12-2022
207.3532724,19-12-2022
206.7667793,20-12-2022
203.6599508,21-12-2022
202.4627706,22-12-2022
197.1142535,23-12-2022
200.5814875,26-12-2022
202.5453635,27-12-2022
202.3818462,28-12-2022
203.5247987,29-12-2022
202.0948567,30-12-2022
